id,dokumentnummer,sitzungsnummer,titel,datum,sitzungsbemerkung,pdf_url,xml_url,vorgangsbezug_anzahl,pdf_hash,aktualisiert
5432,20/1,1,Protokoll der 1. Sitzung des 20. Deutschen Bundestages,2021-10-26,,https://dserver.bundestag.de/btp/20/20001.pdf,https://dserver.bundestag.de/btp/20/20001.xml,7,384ce6eccb31b172f493d98ea03bef4c,2021-10-27T10:52:04+02:00
5434,20/2,2,Protokoll der 2. Sitzung des 20. Deutschen Bundestages,2021-11-11,,https://dserver.bundestag.de/btp/20/20002.pdf,https://dserver.bundestag.de/btp/20/20002.xml,19,2379803f7ff722169126fe92b953801c,2021-11-12T08:52:02+01:00
5435,20/3,3,Protokoll der 3. Sitzung des 20. Deutschen Bundestages,2021-11-18,,https://dserver.bundestag.de/btp/20/20003.pdf,https://dserver.bundestag.de/btp/20/20003.xml,16,0394d491d5315af7912f9cb74a283355,2021-11-19T08:32:03+01:00
5443,20/4,4,Protokoll der 4. Sitzung des 20. Deutschen Bundestages,2021-12-07,Sondersitzung,https://dserver.bundestag.de/btp/20/20004.pdf,https://dserver.bundestag.de/btp/20/20004.xml,5,6fd967c133bac981c166801d44cb5e15,2025-01-09T15:20:38+01:00
5444,20/5,5,Protokoll der 5. Sitzung des 20. Deutschen Bundestages,2021-12-08,,https://dserver.bundestag.de/btp/20/20005.pdf,https://dserver.bundestag.de/btp/20/20005.xml,2,16e6ae3b09c390835d6732a20227102b,2021-12-09T08:32:02+01:00
5445,20/6,6,Protokoll der 6. Sitzung des 20. Deutschen Bundestages,2021-12-09,,https://dserver.bundestag.de/btp/20/20006.pdf,https://dserver.bundestag.de/btp/20/20006.xml,21,3f87e5fd15007aea034f716c2fbbe46d,2021-12-10T08:12:02+01:00
5446,20/7,7,Protokoll der 7. Sitzung des 20. Deutschen Bundestages,2021-12-10,,https://dserver.bundestag.de/btp/20/20007.pdf,https://dserver.bundestag.de/btp/20/20007.xml,144,1b6568b1ed7a986f956fab61082c4a45,2021-12-13T08:52:03+01:00
5448,20/8,8,Protokoll der 8. Sitzung des 20. Deutschen Bundestages,2021-12-15,,https://dserver.bundestag.de/btp/20/20008.pdf,https://dserver.bundestag.de/btp/20/20008.xml,2,4e64eac14c8f1d0356815a030fa2102f,2021-12-16T08:42:02+01:00
5449,20/9,9,Protokoll der 9. Sitzung des 20. Deutschen Bundestages,2021-12-16,,https://dserver.bundestag.de/btp/20/20009.pdf,https://dserver.bundestag.de/btp/20/20009.xml,26,95eeafdb2e6116c2b378c89b8fed77f8,2021-12-17T08:32:04+01:00
5451,20/10,10,Protokoll der 10. Sitzung des 20. Deutschen Bundestages,2022-01-12,,https://dserver.bundestag.de/btp/20/20010.pdf,https://dserver.bundestag.de/btp/20/20010.xml,9,fabe6f4756cb2494b2142a249ae2b77d,2022-01-13T08:52:04+01:00
5452,20/11,11,Protokoll der 11. Sitzung des 20. Deutschen Bundestages,2022-01-13,,https://dserver.bundestag.de/btp/20/20011.pdf,https://dserver.bundestag.de/btp/20/20011.xml,13,25a7b051f389db53e40dca02cbbfd69c,2022-01-14T08:52:04+01:00
5453,20/12,12,Protokoll der 12. Sitzung des 20. Deutschen Bundestages,2022-01-14,,https://dserver.bundestag.de/btp/20/20012.pdf,https://dserver.bundestag.de/btp/20/20012.xml,12,934e26caebf385388fcc225bd43ceef6,2022-01-17T08:32:03+01:00
5455,20/13,13,Protokoll der 13. Sitzung des 20. Deutschen Bundestages,2022-01-26,,https://dserver.bundestag.de/btp/20/20013.pdf,https://dserver.bundestag.de/btp/20/20013.xml,42,68d0c8149529c4f6b7a8b7095dec58ac,2022-01-27T08:42:03+01:00
5456,20/14,14,Protokoll der 14. Sitzung des 20. Deutschen Bundestages,2022-01-27,,https://dserver.bundestag.de/btp/20/20014.pdf,https://dserver.bundestag.de/btp/20/20014.xml,43,2245226eb676b73e4d860a115a5a37ed,2022-01-28T08:32:03+01:00
5457,20/15,15,Protokoll der 15. Sitzung des 20. Deutschen Bundestages,2022-01-28,,https://dserver.bundestag.de/btp/20/20015.pdf,https://dserver.bundestag.de/btp/20/20015.xml,13,4b5ed18e3bbe9fd96dd84d1e03d4721a,2022-01-31T07:42:02+01:00
5467,20/16,16,Protokoll der 16. Sitzung des 20. Deutschen Bundestages,2022-02-16,,https://dserver.bundestag.de/btp/20/20016.pdf,https://dserver.bundestag.de/btp/20/20016.xml,60,e0917cf0b5f1c0ca6f5d7e614437cb3f,2022-02-17T08:32:03+01:00
5468,20/17,17,Protokoll der 17. Sitzung des 20. Deutschen Bundestages,2022-02-17,,https://dserver.bundestag.de/btp/20/20017.pdf,https://dserver.bundestag.de/btp/20/20017.xml,53,5c3a3dd7f8aee6afaab2a54651165a02,2022-08-09T14:41:42+02:00
5469,20/18,18,Protokoll der 18. Sitzung des 20. Deutschen Bundestages,2022-02-18,,https://dserver.bundestag.de/btp/20/20018.pdf,https://dserver.bundestag.de/btp/20/20018.xml,18,6f198e614ed7cb345e84eaed9b167f5d,2022-02-21T08:32:03+01:00
5470,20/19,19,Protokoll der 19. Sitzung des 20. Deutschen Bundestages,2022-02-27,Sondersitzung,https://dserver.bundestag.de/btp/20/20019.pdf,https://dserver.bundestag.de/btp/20/20019.xml,9,8ada5e026fe698c61692ba0672c839e7,2023-07-06T09:33:45+02:00
5472,20/20,20,Protokoll der 20. Sitzung des 20. Deutschen Bundestages,2022-03-16,,https://dserver.bundestag.de/btp/20/20020.pdf,https://dserver.bundestag.de/btp/20/20020.xml,56,979d302e8a2fa54e25e4f75bc37544ac,2023-01-17T16:14:57+01:00
5473,20/21,21,Protokoll der 21. Sitzung des 20. Deutschen Bundestages,2022-03-17,,https://dserver.bundestag.de/btp/20/20021.pdf,https://dserver.bundestag.de/btp/20/20021.xml,66,4a7c2a636a4b3f2843abfb1b00a9d550,2022-03-18T09:12:03+01:00
5474,20/22,22,Protokoll der 22. Sitzung des 20. Deutschen Bundestages,2022-03-18,,https://dserver.bundestag.de/btp/20/20022.pdf,https://dserver.bundestag.de/btp/20/20022.xml,40,2ada3aadc9483e71145353b8c0c2229a,2022-03-21T08:52:03+01:00
5476,20/23,23,Protokoll der 23. Sitzung des 20. Deutschen Bundestages,2022-03-22,,https://dserver.bundestag.de/btp/20/20023.pdf,https://dserver.bundestag.de/btp/20/20023.xml,3,4c5b5a97d40f50f44adc006e44da4b34,2022-03-23T08:22:03+01:00
5477,20/24,24,Protokoll der 24. Sitzung des 20. Deutschen Bundestages,2022-03-23,,https://dserver.bundestag.de/btp/20/20024.pdf,https://dserver.bundestag.de/btp/20/20024.xml,2,baf57f6f351e542e3cf3842fbae7a859,2022-03-24T08:02:04+01:00
5478,20/25,25,Protokoll der 25. Sitzung des 20. Deutschen Bundestages,2022-03-24,,https://dserver.bundestag.de/btp/20/20025.pdf,https://dserver.bundestag.de/btp/20/20025.xml,24,0639a2ed23cc0ec1903dede16a19bf13,2022-03-25T09:12:04+01:00
5479,20/26,26,Protokoll der 26. Sitzung des 20. Deutschen Bundestages,2022-03-25,,https://dserver.bundestag.de/btp/20/20026.pdf,https://dserver.bundestag.de/btp/20/20026.xml,13,305cb0e66321f3f81aa5a9c8e36ad271,2022-03-28T09:02:04+02:00
5480,20/27,27,Protokoll der 27. Sitzung des 20. Deutschen Bundestages,2022-04-06,,https://dserver.bundestag.de/btp/20/20027.pdf,https://dserver.bundestag.de/btp/20/20027.xml,62,808fd9db99d1d33399951308d893b3ba,2022-04-07T08:32:04+02:00
5481,20/28,28,Protokoll der 28. Sitzung des 20. Deutschen Bundestages,2022-04-07,,https://dserver.bundestag.de/btp/20/20028.pdf,https://dserver.bundestag.de/btp/20/20028.xml,75,786ebf5faaa371524b3a5bfa4907b441,2022-04-08T08:22:02+02:00
5482,20/29,29,Protokoll der 29. Sitzung des 20. Deutschen Bundestages,2022-04-08,,https://dserver.bundestag.de/btp/20/20029.pdf,https://dserver.bundestag.de/btp/20/20029.xml,27,ba563948f044b2d9dddc0ccf05728d74,2022-04-11T08:42:03+02:00
5484,20/30,30,Protokoll der 30. Sitzung des 20. Deutschen Bundestages,2022-04-27,,https://dserver.bundestag.de/btp/20/20030.pdf,https://dserver.bundestag.de/btp/20/20030.xml,69,9dfe03d914c07cf58b4887a8b624fc12,2022-04-28T09:22:03+02:00
5485,20/31,31,Protokoll der 31. Sitzung des 20. Deutschen Bundestages,2022-04-28,,https://dserver.bundestag.de/btp/20/20031.pdf,https://dserver.bundestag.de/btp/20/20031.xml,37,e57ac3c4cf8ddaa2f2d51ba87eaffb29,2022-04-29T08:22:03+02:00
5486,20/32,32,Protokoll der 32. Sitzung des 20. Deutschen Bundestages,2022-04-29,,https://dserver.bundestag.de/btp/20/20032.pdf,https://dserver.bundestag.de/btp/20/20032.xml,54,412b67e8598306cf3cb3d39f5d4da859,2022-05-02T08:22:03+02:00
5487,20/33,33,Protokoll der 33. Sitzung des 20. Deutschen Bundestages,2022-05-11,,https://dserver.bundestag.de/btp/20/20033.pdf,https://dserver.bundestag.de/btp/20/20033.xml,65,53d18197a3e9b910566e1de9c895e988,2022-05-12T08:32:03+02:00
5488,20/34,34,Protokoll der 34. Sitzung des 20. Deutschen Bundestages,2022-05-12,,https://dserver.bundestag.de/btp/20/20034.pdf,https://dserver.bundestag.de/btp/20/20034.xml,63,f6cadb57d5a3ae97d8cfd2a70e17f26f,2022-05-13T08:22:02+02:00
5489,20/35,35,Protokoll der 35. Sitzung des 20. Deutschen Bundestages,2022-05-13,,https://dserver.bundestag.de/btp/20/20035.pdf,https://dserver.bundestag.de/btp/20/20035.xml,55,69f71675c729ec1810547764f4c8ec69,2022-05-16T08:52:03+02:00
5491,20/36,36,Protokoll der 36. Sitzung des 20. Deutschen Bundestages,2022-05-18,,https://dserver.bundestag.de/btp/20/20036.pdf,https://dserver.bundestag.de/btp/20/20036.xml,69,a9289bb9d413fa4d364d96bf6f882c1c,2022-05-19T08:22:03+02:00
5492,20/37,37,Protokoll der 37. Sitzung des 20. Deutschen Bundestages,2022-05-19,,https://dserver.bundestag.de/btp/20/20037.pdf,https://dserver.bundestag.de/btp/20/20037.xml,53,fbd82119991f017c605ff5f886ab188b,2022-05-20T09:12:02+02:00
5493,20/38,38,Protokoll der 38. Sitzung des 20. Deutschen Bundestages,2022-05-20,,https://dserver.bundestag.de/btp/20/20038.pdf,https://dserver.bundestag.de/btp/20/20038.xml,23,eed0a80aa8bfdf0673983088d9e617f2,2022-05-23T08:42:03+02:00
5495,20/39,39,Protokoll der 39. Sitzung des 20. Deutschen Bundestages,2022-05-31,,https://dserver.bundestag.de/btp/20/20039.pdf,https://dserver.bundestag.de/btp/20/20039.xml,6,674fab5a07afb2509dd91e77569762ca,2022-06-01T08:32:04+02:00
5496,20/40,40,Protokoll der 40. Sitzung des 20. Deutschen Bundestages,2022-06-01,,https://dserver.bundestag.de/btp/20/20040.pdf,https://dserver.bundestag.de/btp/20/20040.xml,3,80ff0a310c26484d6e0aa7258b0eba8f,2022-06-02T08:22:03+02:00
5497,20/41,41,Protokoll der 41. Sitzung des 20. Deutschen Bundestages,2022-06-02,,https://dserver.bundestag.de/btp/20/20041.pdf,https://dserver.bundestag.de/btp/20/20041.xml,29,133daaf556695557f3e6b8e5c0d30249,2022-06-03T08:32:03+02:00
5498,20/42,42,Protokoll der 42. Sitzung des 20. Deutschen Bundestages,2022-06-03,,https://dserver.bundestag.de/btp/20/20042.pdf,https://dserver.bundestag.de/btp/20/20042.xml,40,ec09747047bed1dc21639e162a53edaf,2022-06-07T08:32:03+02:00
5500,20/43,43,Protokoll der 43. Sitzung des 20. Deutschen Bundestages,2022-06-22,,https://dserver.bundestag.de/btp/20/20043.pdf,https://dserver.bundestag.de/btp/20/20043.xml,55,c003a225f51d5ab60bcc0abdad769566,2022-09-20T11:15:23+02:00
5501,20/44,44,Protokoll der 44. Sitzung des 20. Deutschen Bundestages,2022-06-23,,https://dserver.bundestag.de/btp/20/20044.pdf,https://dserver.bundestag.de/btp/20/20044.xml,69,20b9d716145d0f776b334ba86dea9f71,2022-06-24T09:02:03+02:00
5502,20/45,45,Protokoll der 45. Sitzung des 20. Deutschen Bundestages,2022-06-24,,https://dserver.bundestag.de/btp/20/20045.pdf,https://dserver.bundestag.de/btp/20/20045.xml,43,fdddc8dcea9434db40844e77f49a227e,2022-10-26T16:05:20+02:00
5503,20/46,46,Protokoll der 46. Sitzung des 20. Deutschen Bundestages,2022-07-06,,https://dserver.bundestag.de/btp/20/20046.pdf,https://dserver.bundestag.de/btp/20/20046.xml,55,1bd87c06c5c7a3ba336c41b6acc184e3,2023-10-26T12:41:32+02:00
5504,20/47,47,Protokoll der 47. Sitzung des 20. Deutschen Bundestages,2022-07-07,,https://dserver.bundestag.de/btp/20/20047.pdf,https://dserver.bundestag.de/btp/20/20047.xml,113,1c9ad3c499b2cccdaa3b16b8e6ac6dc7,2023-10-26T11:28:45+02:00
5505,20/48,48,Protokoll der 48. Sitzung des 20. Deutschen Bundestages,2022-07-08,,https://dserver.bundestag.de/btp/20/20048.pdf,https://dserver.bundestag.de/btp/20/20048.xml,93,edd90edd631d39d15a8cf54234a9b3fd,2022-08-31T16:14:39+02:00
5507,20/49,49,Protokoll der 49. Sitzung des 20. Deutschen Bundestages,2022-09-06,,https://dserver.bundestag.de/btp/20/20049.pdf,https://dserver.bundestag.de/btp/20/20049.xml,3,da14a318a472fe347ffa391121288b52,2022-09-20T14:06:13+02:00
5508,20/50,50,Protokoll der 50. Sitzung des 20. Deutschen Bundestages,2022-09-07,,https://dserver.bundestag.de/btp/20/20050.pdf,https://dserver.bundestag.de/btp/20/20050.xml,5,de50cee112d17c2e1609bde68e94b187,2022-09-13T16:55:19+02:00
5509,20/51,51,Protokoll der 51. Sitzung des 20. Deutschen Bundestages,2022-09-08,,https://dserver.bundestag.de/btp/20/20051.pdf,https://dserver.bundestag.de/btp/20/20051.xml,27,2464ae6c865e9385d1cab45270336214,2022-09-20T11:15:38+02:00
5510,20/52,52,Protokoll der 52. Sitzung des 20. Deutschen Bundestages,2022-09-09,,https://dserver.bundestag.de/btp/20/20052.pdf,https://dserver.bundestag.de/btp/20/20052.xml,8,fdde78c2ca784bc5b588830ea6ccbf2f,2022-09-12T13:19:07+02:00
5512,20/53,53,Protokoll der 53. Sitzung des 20. Deutschen Bundestages,2022-09-21,,https://dserver.bundestag.de/btp/20/20053.pdf,https://dserver.bundestag.de/btp/20/20053.xml,60,af4aaaac5aeb0d8abba9847be18da27f,2022-09-22T16:57:22+02:00
5513,20/54,54,Protokoll der 54. Sitzung des 20. Deutschen Bundestages,2022-09-22,,https://dserver.bundestag.de/btp/20/20054.pdf,https://dserver.bundestag.de/btp/20/20054.xml,67,fad9047fc3b9f41785ac488b839b3e76,2022-10-11T19:06:20+02:00
5514,20/55,55,Protokoll der 55. Sitzung des 20. Deutschen Bundestages,2022-09-23,,https://dserver.bundestag.de/btp/20/20055.pdf,https://dserver.bundestag.de/btp/20/20055.xml,34,1725977b447bb2bb57b2cc2a9dab2e44,2022-10-07T10:44:55+02:00
5515,20/56,56,Protokoll der 56. Sitzung des 20. Deutschen Bundestages,2022-09-28,,https://dserver.bundestag.de/btp/20/20056.pdf,https://dserver.bundestag.de/btp/20/20056.xml,57,5a1ea8c0df905e608dc5a36e2fb409b0,2022-09-29T16:38:53+02:00
5516,20/57,57,Protokoll der 57. Sitzung des 20. Deutschen Bundestages,2022-09-29,,https://dserver.bundestag.de/btp/20/20057.pdf,https://dserver.bundestag.de/btp/20/20057.xml,58,b1d9cf6193e0ac82b62a0f0da5a4dbd5,2022-10-10T14:43:54+02:00
5517,20/58,58,Protokoll der 58. Sitzung des 20. Deutschen Bundestages,2022-09-30,,https://dserver.bundestag.de/btp/20/20058.pdf,https://dserver.bundestag.de/btp/20/20058.xml,27,aa1b947340fc9d03020cd87da5f92fdd,2025-07-08T13:28:55+02:00
5519,20/59,59,Protokoll der 59. Sitzung des 20. Deutschen Bundestages,2022-10-12,,https://dserver.bundestag.de/btp/20/20059.pdf,https://dserver.bundestag.de/btp/20/20059.xml,65,bbe165b2c49bc68103ae4dab43d37386,2022-11-24T09:49:53+01:00
5520,20/60,60,Protokoll der 60. Sitzung des 20. Deutschen Bundestages,2022-10-13,,https://dserver.bundestag.de/btp/20/20060.pdf,https://dserver.bundestag.de/btp/20/20060.xml,59,e34691559b6fe64aa859ad3b92d5e111,2022-10-18T16:34:41+02:00
5521,20/61,61,Protokoll der 61. Sitzung des 20. Deutschen Bundestages,2022-10-14,,https://dserver.bundestag.de/btp/20/20061.pdf,https://dserver.bundestag.de/btp/20/20061.xml,31,87864d5f1edb41c7d7efd8c3c04bb827,2022-10-19T10:06:50+02:00
5522,20/62,62,Protokoll der 62. Sitzung des 20. Deutschen Bundestages,2022-10-19,,https://dserver.bundestag.de/btp/20/20062.pdf,https://dserver.bundestag.de/btp/20/20062.xml,63,9ae5ca9bbb8b33928009c81bfa5b9148,2022-10-21T13:08:07+02:00
5523,20/63,63,Protokoll der 63. Sitzung des 20. Deutschen Bundestages,2022-10-20,,https://dserver.bundestag.de/btp/20/20063.pdf,https://dserver.bundestag.de/btp/20/20063.xml,64,71947022d4a7caa2de1104f6d4ea7522,2022-10-31T11:10:19+01:00
5524,20/64,64,Protokoll der 64. Sitzung des 20. Deutschen Bundestages,2022-10-21,,https://dserver.bundestag.de/btp/20/20064.pdf,https://dserver.bundestag.de/btp/20/20064.xml,28,b4bf2675ed252b56e97ef6836c314bc0,2022-11-24T09:50:00+01:00
5526,20/65,65,Protokoll der 65. Sitzung des 20. Deutschen Bundestages,2022-11-09,,https://dserver.bundestag.de/btp/20/20065.pdf,https://dserver.bundestag.de/btp/20/20065.xml,72,f2cabd6f47605abe0a4e8f9f8b4da891,2023-04-06T11:54:31+02:00
5527,20/66,66,Protokoll der 66. Sitzung des 20. Deutschen Bundestages,2022-11-10,,https://dserver.bundestag.de/btp/20/20066.pdf,https://dserver.bundestag.de/btp/20/20066.xml,76,9abb91c3d2abc0423826bab53ca01240,2022-11-17T16:24:14+01:00
5528,20/67,67,Protokoll der 67. Sitzung des 20. Deutschen Bundestages,2022-11-11,,https://dserver.bundestag.de/btp/20/20067.pdf,https://dserver.bundestag.de/btp/20/20067.xml,34,a95d45fce13afec2dc71b37b46f23a73,2022-11-16T16:02:16+01:00
5530,20/68,68,Protokoll der 68. Sitzung des 20. Deutschen Bundestages,2022-11-22,,https://dserver.bundestag.de/btp/20/20068.pdf,https://dserver.bundestag.de/btp/20/20068.xml,9,16f92ddbfc6fd1fd89027cb2051e97f8,2023-10-23T08:25:04+02:00
5531,20/69,69,Protokoll der 69. Sitzung des 20. Deutschen Bundestages,2022-11-23,,https://dserver.bundestag.de/btp/20/20069.pdf,https://dserver.bundestag.de/btp/20/20069.xml,5,20ed7d792fbb447a5d9e1baf798dc6f6,2023-02-03T12:38:57+01:00
5532,20/70,70,Protokoll der 70. Sitzung des 20. Deutschen Bundestages,2022-11-24,,https://dserver.bundestag.de/btp/20/20070.pdf,https://dserver.bundestag.de/btp/20/20070.xml,21,f2cc731327e70140b44c473aecddf572,2022-12-12T10:31:58+01:00
5533,20/71,71,Protokoll der 71. Sitzung des 20. Deutschen Bundestages,2022-11-25,,https://dserver.bundestag.de/btp/20/20071.pdf,https://dserver.bundestag.de/btp/20/20071.xml,26,f7ea4a9bdeaf04b2a48a30b83c42be24,2022-12-14T11:46:19+01:00
5535,20/72,72,Protokoll der 72. Sitzung des 20. Deutschen Bundestages,2022-11-30,,https://dserver.bundestag.de/btp/20/20072.pdf,https://dserver.bundestag.de/btp/20/20072.xml,62,dae8305aba5141040f357041a40fa8ba,2022-12-05T08:55:10+01:00
5536,20/73,73,Protokoll der 73. Sitzung des 20. Deutschen Bundestages,2022-12-01,,https://dserver.bundestag.de/btp/20/20073.pdf,https://dserver.bundestag.de/btp/20/20073.xml,76,9971b30d450a818e681be087459f59f4,2022-12-12T16:04:50+01:00
5537,20/74,74,Protokoll der 74. Sitzung des 20. Deutschen Bundestages,2022-12-02,,https://dserver.bundestag.de/btp/20/20074.pdf,https://dserver.bundestag.de/btp/20/20074.xml,29,ef6791643ac26c74013707636c6734d8,2023-02-03T12:39:07+01:00
5538,20/75,75,Protokoll der 75. Sitzung des 20. Deutschen Bundestages,2022-12-14,,https://dserver.bundestag.de/btp/20/20075.pdf,https://dserver.bundestag.de/btp/20/20075.xml,49,25294094eb037b085689d07df3f5965c,2022-12-19T10:28:00+01:00
5539,20/76,76,Protokoll der 76. Sitzung des 20. Deutschen Bundestages,2022-12-15,,https://dserver.bundestag.de/btp/20/20076.pdf,https://dserver.bundestag.de/btp/20/20076.xml,84,57977efde03a1eaaea87a7d1388e5f8f,2023-01-04T16:09:55+01:00
5540,20/77,77,Protokoll der 77. Sitzung des 20. Deutschen Bundestages,2022-12-16,,https://dserver.bundestag.de/btp/20/20077.pdf,https://dserver.bundestag.de/btp/20/20077.xml,30,9ee76ece055d80dda5d3701c8088c6b4,2022-12-20T11:43:55+01:00
5542,20/78,78,Protokoll der 78. Sitzung des 20. Deutschen Bundestages,2023-01-18,,https://dserver.bundestag.de/btp/20/20078.pdf,https://dserver.bundestag.de/btp/20/20078.xml,59,33c2d0f26e387b9472fe83fe5d755d25,2023-01-20T10:40:25+01:00
5543,20/79,79,Protokoll der 79. Sitzung des 20. Deutschen Bundestages,2023-01-19,,https://dserver.bundestag.de/btp/20/20079.pdf,https://dserver.bundestag.de/btp/20/20079.xml,38,74572cf74b39e475209fd7efdc8d31d8,2023-02-03T12:39:14+01:00
5544,20/80,80,Protokoll der 80. Sitzung des 20. Deutschen Bundestages,2023-01-20,,https://dserver.bundestag.de/btp/20/20080.pdf,https://dserver.bundestag.de/btp/20/20080.xml,186,bd986be8067c71d0cd3d15f31fab60dc,2023-01-25T15:57:34+01:00
5545,20/81,81,Protokoll der 81. Sitzung des 20. Deutschen Bundestages,2023-01-25,,https://dserver.bundestag.de/btp/20/20081.pdf,https://dserver.bundestag.de/btp/20/20081.xml,71,afa701c63896155a079ea58d85f4eeaf,2023-01-26T13:06:05+01:00
5546,20/82,82,Protokoll der 82. Sitzung des 20. Deutschen Bundestages,2023-01-26,,https://dserver.bundestag.de/btp/20/20082.pdf,https://dserver.bundestag.de/btp/20/20082.xml,51,1724a89cab1aa8f49dd560084d67c640,2023-01-30T18:43:07+01:00
5547,20/83,83,Protokoll der 83. Sitzung des 20. Deutschen Bundestages,2023-01-27,,https://dserver.bundestag.de/btp/20/20083.pdf,https://dserver.bundestag.de/btp/20/20083.xml,17,dd536a0eebe65552d72f5eb3b583c322,2023-03-01T10:45:51+01:00
5548,20/84,84,Protokoll der 84. Sitzung des 20. Deutschen Bundestages,2023-02-08,,https://dserver.bundestag.de/btp/20/20084.pdf,https://dserver.bundestag.de/btp/20/20084.xml,55,8d44fb8c622dfc5f08eaef283470e406,2023-03-01T10:46:00+01:00
5549,20/85,85,Protokoll der 85. Sitzung des 20. Deutschen Bundestages,2023-02-09,,https://dserver.bundestag.de/btp/20/20085.pdf,https://dserver.bundestag.de/btp/20/20085.xml,44,e5605939652698e78f15c4dd986e3157,2023-02-21T15:52:00+01:00
5550,20/86,86,Protokoll der 86. Sitzung des 20. Deutschen Bundestages,2023-02-10,,https://dserver.bundestag.de/btp/20/20086.pdf,https://dserver.bundestag.de/btp/20/20086.xml,30,1e03575d52b775c6b0c92f591ff0b698,2023-02-16T11:59:35+01:00
5552,20/87,87,Protokoll der 87. Sitzung des 20. Deutschen Bundestages,2023-03-01,,https://dserver.bundestag.de/btp/20/20087.pdf,https://dserver.bundestag.de/btp/20/20087.xml,62,b25eba5e2ef2282a3060d4536701ec69,2023-10-23T08:25:23+02:00
5553,20/88,88,Protokoll der 88. Sitzung des 20. Deutschen Bundestages,2023-03-02,,https://dserver.bundestag.de/btp/20/20088.pdf,https://dserver.bundestag.de/btp/20/20088.xml,45,89ff316d98abe9c2204ae40b3d0880b8,2024-06-12T08:16:29+02:00
5554,20/89,89,Protokoll der 89. Sitzung des 20. Deutschen Bundestages,2023-03-03,,https://dserver.bundestag.de/btp/20/20089.pdf,https://dserver.bundestag.de/btp/20/20089.xml,14,ccc23d1ef43fe0e179f92ba332fb546e,2023-03-13T12:26:24+01:00
5556,20/90,90,Protokoll der 90. Sitzung des 20. Deutschen Bundestages,2023-03-15,,https://dserver.bundestag.de/btp/20/20090.pdf,https://dserver.bundestag.de/btp/20/20090.xml,57,5bc2491c29faa164a5255201c3b33496,2023-03-17T09:38:07+01:00
5557,20/91,91,Protokoll der 91. Sitzung des 20. Deutschen Bundestages,2023-03-16,,https://dserver.bundestag.de/btp/20/20091.pdf,https://dserver.bundestag.de/btp/20/20091.xml,55,acf17f0dcd2b9245bc3b8e70ca673dd0,2023-04-05T15:30:47+02:00
5558,20/92,92,Protokoll der 92. Sitzung des 20. Deutschen Bundestages,2023-03-17,,https://dserver.bundestag.de/btp/20/20092.pdf,https://dserver.bundestag.de/btp/20/20092.xml,20,ba838190832d76b0f7da8763800f96c1,2023-03-21T12:09:47+01:00
5559,20/93,93,Protokoll der 93. Sitzung des 20. Deutschen Bundestages,2023-03-29,,https://dserver.bundestag.de/btp/20/20093.pdf,https://dserver.bundestag.de/btp/20/20093.xml,65,f03a30bade62487160bebe507d745ad5,2023-04-06T10:56:31+02:00
5560,20/94,94,Protokoll der 94. Sitzung des 20. Deutschen Bundestages,2023-03-30,,https://dserver.bundestag.de/btp/20/20094.pdf,https://dserver.bundestag.de/btp/20/20094.xml,41,a8409e914206b15408732860fac689ff,2023-07-04T15:04:18+02:00
5561,20/95,95,Protokoll der 95. Sitzung des 20. Deutschen Bundestages,2023-03-31,,https://dserver.bundestag.de/btp/20/20095.pdf,https://dserver.bundestag.de/btp/20/20095.xml,34,8e7f5b4646433bbef001063b1caeed1b,2023-10-23T08:25:27+02:00
5563,20/96,96,Protokoll der 96. Sitzung des 20. Deutschen Bundestages,2023-04-19,,https://dserver.bundestag.de/btp/20/20096.pdf,https://dserver.bundestag.de/btp/20/20096.xml,58,64a962500b23107b19af8c8eccf823c4,2023-04-28T08:11:40+02:00
5564,20/97,97,Protokoll der 97. Sitzung des 20. Deutschen Bundestages,2023-04-20,,https://dserver.bundestag.de/btp/20/20097.pdf,https://dserver.bundestag.de/btp/20/20097.xml,53,0c44c5124e59ff17b0b51dccc04b3791,2023-04-26T15:17:51+02:00
5565,20/98,98,Protokoll der 98. Sitzung des 20. Deutschen Bundestages,2023-04-21,,https://dserver.bundestag.de/btp/20/20098.pdf,https://dserver.bundestag.de/btp/20/20098.xml,16,01e9b085be8e27987c569201e5ed16d3,2023-10-23T08:25:34+02:00
5566,20/99,99,Protokoll der 99. Sitzung des 20. Deutschen Bundestages,2023-04-26,,https://dserver.bundestag.de/btp/20/20099.pdf,https://dserver.bundestag.de/btp/20/20099.xml,56,644b96040bfa16ae9f57d42c784258da,2024-05-27T10:43:33+02:00
5567,20/100,100,Protokoll der 100. Sitzung des 20. Deutschen Bundestages,2023-04-27,,https://dserver.bundestag.de/btp/20/20100.pdf,https://dserver.bundestag.de/btp/20/20100.xml,40,1312a3590fc6d49e31b7572d72d3182b,2023-05-02T16:41:35+02:00
5568,20/101,101,Protokoll der 101. Sitzung des 20. Deutschen Bundestages,2023-04-28,,https://dserver.bundestag.de/btp/20/20101.pdf,https://dserver.bundestag.de/btp/20/20101.xml,23,a55c2cde51e71fdb2e2e01b8e854af14,2023-10-23T08:25:13+02:00
5569,20/102,102,Protokoll der 102. Sitzung des 20. Deutschen Bundestages,2023-05-10,,https://dserver.bundestag.de/btp/20/20102.pdf,https://dserver.bundestag.de/btp/20/20102.xml,58,44206f790fa2fee6836eda3139ad5b6f,2023-11-17T15:50:37+01:00
5570,20/103,103,Protokoll der 103. Sitzung des 20. Deutschen Bundestages,2023-05-11,,https://dserver.bundestag.de/btp/20/20103.pdf,https://dserver.bundestag.de/btp/20/20103.xml,60,8598cfe526eddc187f67d7285c870f2e,2023-10-23T08:25:38+02:00
5571,20/104,104,Protokoll der 104. Sitzung des 20. Deutschen Bundestages,2023-05-12,,https://dserver.bundestag.de/btp/20/20104.pdf,https://dserver.bundestag.de/btp/20/20104.xml,29,d60ea2151abcf9666be3fc959a41d83b,2023-05-23T10:14:05+02:00
5573,20/105,105,Protokoll der 105. Sitzung des 20. Deutschen Bundestages,2023-05-24,,https://dserver.bundestag.de/btp/20/20105.pdf,https://dserver.bundestag.de/btp/20/20105.xml,66,a0d7307d87ec62e0241c1e5177b061d1,2023-10-23T08:25:43+02:00
5574,20/106,106,Protokoll der 106. Sitzung des 20. Deutschen Bundestages,2023-05-25,,https://dserver.bundestag.de/btp/20/20106.pdf,https://dserver.bundestag.de/btp/20/20106.xml,49,2f543653c0a35f836fba5fb1e566974e,2023-06-15T12:12:37+02:00
5575,20/107,107,Protokoll der 107. Sitzung des 20. Deutschen Bundestages,2023-05-26,,https://dserver.bundestag.de/btp/20/20107.pdf,https://dserver.bundestag.de/btp/20/20107.xml,26,cabe9a4f414f55d4924624898306083f,2023-10-23T08:25:49+02:00
5576,20/108,108,Protokoll der 108. Sitzung des 20. Deutschen Bundestages,2023-06-14,,https://dserver.bundestag.de/btp/20/20108.pdf,https://dserver.bundestag.de/btp/20/20108.xml,63,1b0e657b0695313fd7d7a094a21d3018,2023-10-23T08:25:54+02:00
5577,20/109,109,Protokoll der 109. Sitzung des 20. Deutschen Bundestages,2023-06-15,,https://dserver.bundestag.de/btp/20/20109.pdf,https://dserver.bundestag.de/btp/20/20109.xml,66,26e609df0de02ffef53fe5f62a292902,2023-06-21T12:56:34+02:00
5578,20/110,110,Protokoll der 110. Sitzung des 20. Deutschen Bundestages,2023-06-16,,https://dserver.bundestag.de/btp/20/20110.pdf,https://dserver.bundestag.de/btp/20/20110.xml,16,7b3590fa6efbbc5954494db2383700f4,2025-03-14T09:52:27+01:00
5580,20/111,111,Protokoll der 111. Sitzung des 20. Deutschen Bundestages,2023-06-21,,https://dserver.bundestag.de/btp/20/20111.pdf,https://dserver.bundestag.de/btp/20/20111.xml,59,3c536530122c7d9a5aa164c37d522194,2025-03-14T09:52:32+01:00
5581,20/112,112,Protokoll der 112. Sitzung des 20. Deutschen Bundestages,2023-06-22,,https://dserver.bundestag.de/btp/20/20112.pdf,https://dserver.bundestag.de/btp/20/20112.xml,45,5f59681fa88d9a435dc9d66d90282ab4,2025-03-14T09:52:36+01:00
5582,20/113,113,Protokoll der 113. Sitzung des 20. Deutschen Bundestages,2023-06-23,,https://dserver.bundestag.de/btp/20/20113.pdf,https://dserver.bundestag.de/btp/20/20113.xml,41,d48e55104c5add801b0d2da90f937204,2025-03-14T09:56:46+01:00
5583,20/114,114,Protokoll der 114. Sitzung des 20. Deutschen Bundestages,2023-07-05,,https://dserver.bundestag.de/btp/20/20114.pdf,https://dserver.bundestag.de/btp/20/20114.xml,61,32703ade2237fa99d69139d44894c22b,2023-07-07T09:31:04+02:00
5584,20/115,115,Protokoll der 115. Sitzung des 20. Deutschen Bundestages,2023-07-06,,https://dserver.bundestag.de/btp/20/20115.pdf,https://dserver.bundestag.de/btp/20/20115.xml,67,9b44d849b076220a1be266f4f983e2ae,2023-07-12T17:44:01+02:00
5585,20/116,116,Protokoll der 116. Sitzung des 20. Deutschen Bundestages,2023-07-07,,https://dserver.bundestag.de/btp/20/20116.pdf,https://dserver.bundestag.de/btp/20/20116.xml,48,c11c0ada74ab80899d62151334f5cf3a,2023-10-23T08:26:05+02:00
5587,20/117,117,Protokoll der 117. Sitzung des 20. Deutschen Bundestages,2023-09-05,,https://dserver.bundestag.de/btp/20/20117.pdf,https://dserver.bundestag.de/btp/20/20117.xml,9,063d89183bd71e55173766184c1418bf,2023-10-18T12:55:49+02:00
5588,20/118,118,Protokoll der 118. Sitzung des 20. Deutschen Bundestages,2023-09-06,,https://dserver.bundestag.de/btp/20/20118.pdf,https://dserver.bundestag.de/btp/20/20118.xml,4,95e32cf6550920a1663b14134158ba9b,2023-09-07T17:19:17+02:00
5589,20/119,119,Protokoll der 119. Sitzung des 20. Deutschen Bundestages,2023-09-07,,https://dserver.bundestag.de/btp/20/20119.pdf,https://dserver.bundestag.de/btp/20/20119.xml,11,c7554177fdb1de52746d205bfe545e96,2023-09-12T11:57:16+02:00
5590,20/120,120,Protokoll der 120. Sitzung des 20. Deutschen Bundestages,2023-09-08,,https://dserver.bundestag.de/btp/20/20120.pdf,https://dserver.bundestag.de/btp/20/20120.xml,19,ca0036b464b45d1d94526a2401716bad,2023-12-05T09:56:53+01:00
5591,20/121,121,Protokoll der 121. Sitzung des 20. Deutschen Bundestages,2023-09-20,,https://dserver.bundestag.de/btp/20/20121.pdf,https://dserver.bundestag.de/btp/20/20121.xml,54,1ca1d3e482bd8359ab3459ad78a9aa96,2023-09-29T12:40:54+02:00
5592,20/122,122,Protokoll der 122. Sitzung des 20. Deutschen Bundestages,2023-09-21,,https://dserver.bundestag.de/btp/20/20122.pdf,https://dserver.bundestag.de/btp/20/20122.xml,61,411807359678eda05ca01908cdd87b9b,2023-10-04T16:22:41+02:00
5593,20/123,123,Protokoll der 123. Sitzung des 20. Deutschen Bundestages,2023-09-22,,https://dserver.bundestag.de/btp/20/20123.pdf,https://dserver.bundestag.de/btp/20/20123.xml,21,e8759cc6c5b0a92d5108d30ae6a4a607,2023-09-28T17:56:09+02:00
5594,20/124,124,Protokoll der 124. Sitzung des 20. Deutschen Bundestages,2023-09-27,,https://dserver.bundestag.de/btp/20/20124.pdf,https://dserver.bundestag.de/btp/20/20124.xml,53,5c1b64a0738b841527a53173490f54d9,2023-09-29T13:41:49+02:00
5595,20/125,125,Protokoll der 125. Sitzung des 20. Deutschen Bundestages,2023-09-28,,https://dserver.bundestag.de/btp/20/20125.pdf,https://dserver.bundestag.de/btp/20/20125.xml,48,d7e70a3990bff70bdbf5376b9cbce349,2023-10-23T08:26:11+02:00
5596,20/126,126,Protokoll der 126. Sitzung des 20. Deutschen Bundestages,2023-09-29,,https://dserver.bundestag.de/btp/20/20126.pdf,https://dserver.bundestag.de/btp/20/20126.xml,19,2ed0238dfc2744972b9796c5d5d8cc76,2023-10-04T13:12:15+02:00
5598,20/127,127,Protokoll der 127. Sitzung des 20. Deutschen Bundestages,2023-10-11,,https://dserver.bundestag.de/btp/20/20127.pdf,https://dserver.bundestag.de/btp/20/20127.xml,58,db910f36a469053f76a1014644df4359,2023-10-13T11:13:49+02:00
5599,20/128,128,Protokoll der 128. Sitzung des 20. Deutschen Bundestages,2023-10-12,,https://dserver.bundestag.de/btp/20/20128.pdf,https://dserver.bundestag.de/btp/20/20128.xml,57,0f84bab56cb35321b55ba8909eaf1001,2025-03-14T09:52:49+01:00
5600,20/129,129,Protokoll der 129. Sitzung des 20. Deutschen Bundestages,2023-10-13,,https://dserver.bundestag.de/btp/20/20129.pdf,https://dserver.bundestag.de/btp/20/20129.xml,15,e13a69b20aa111fce4e44eefb7c40603,2025-03-14T09:52:53+01:00
5601,20/130,130,Protokoll der 130. Sitzung des 20. Deutschen Bundestages,2023-10-18,,https://dserver.bundestag.de/btp/20/20130.pdf,https://dserver.bundestag.de/btp/20/20130.xml,69,497823f1587703630baaf99b1cf5a567,2025-03-14T09:52:56+01:00
5602,20/131,131,Protokoll der 131. Sitzung des 20. Deutschen Bundestages,2023-10-19,,https://dserver.bundestag.de/btp/20/20131.pdf,https://dserver.bundestag.de/btp/20/20131.xml,64,8ba2a2ba24f5ec12134f5e850eb95724,2024-03-12T16:02:48+01:00
5603,20/132,132,Protokoll der 132. Sitzung des 20. Deutschen Bundestages,2023-10-20,,https://dserver.bundestag.de/btp/20/20132.pdf,https://dserver.bundestag.de/btp/20/20132.xml,34,1de69abfac7c065292f9928249e98608,2023-12-05T09:57:00+01:00
5605,20/133,133,Protokoll der 133. Sitzung des 20. Deutschen Bundestages,2023-11-08,,https://dserver.bundestag.de/btp/20/20133.pdf,https://dserver.bundestag.de/btp/20/20133.xml,62,b08367dac9b09dd90d9fdd4854d0fa3c,2023-11-13T14:50:47+01:00
5606,20/134,134,Protokoll der 134. Sitzung des 20. Deutschen Bundestages,2023-11-09,,https://dserver.bundestag.de/btp/20/20134.pdf,https://dserver.bundestag.de/btp/20/20134.xml,79,31a9afd56e99f7655532277b3e7991c3,2023-11-29T16:45:01+01:00
5607,20/135,135,Protokoll der 135. Sitzung des 20. Deutschen Bundestages,2023-11-10,,https://dserver.bundestag.de/btp/20/20135.pdf,https://dserver.bundestag.de/btp/20/20135.xml,32,35a23b15049676d16f3a372e7ad3e385,2023-11-17T12:03:22+01:00
5608,20/136,136,Protokoll der 136. Sitzung des 20. Deutschen Bundestages,2023-11-15,,https://dserver.bundestag.de/btp/20/20136.pdf,https://dserver.bundestag.de/btp/20/20136.xml,61,37c8006a3766e36e8bbc2414b493c604,2023-11-28T11:27:15+01:00
5609,20/137,137,Protokoll der 137. Sitzung des 20. Deutschen Bundestages,2023-11-16,,https://dserver.bundestag.de/btp/20/20137.pdf,https://dserver.bundestag.de/btp/20/20137.xml,74,0da9e4ebf25e589bdb75d86e82eeff5d,2023-12-05T09:56:45+01:00
5610,20/138,138,Protokoll der 138. Sitzung des 20. Deutschen Bundestages,2023-11-17,,https://dserver.bundestag.de/btp/20/20138.pdf,https://dserver.bundestag.de/btp/20/20138.xml,32,583804eaff1d492d0296acb90620723d,2023-11-27T10:12:51+01:00
5612,20/139,139,Protokoll der 139. Sitzung des 20. Deutschen Bundestages,2023-11-28,,https://dserver.bundestag.de/btp/20/20139.pdf,https://dserver.bundestag.de/btp/20/20139.xml,4,f4ab646d509344c7d0b006778d0d4c3f,2023-12-06T11:15:37+01:00
5613,20/140,140,Protokoll der 140. Sitzung des 20. Deutschen Bundestages,2023-11-29,,https://dserver.bundestag.de/btp/20/20140.pdf,https://dserver.bundestag.de/btp/20/20140.xml,37,a5d11f91dbd0d5193115ed32224d4e56,2023-12-01T09:06:07+01:00
5614,20/141,141,Protokoll der 141. Sitzung des 20. Deutschen Bundestages,2023-11-30,,https://dserver.bundestag.de/btp/20/20141.pdf,https://dserver.bundestag.de/btp/20/20141.xml,56,83cb21cf5cd3b5505370c0f7692d9ddf,2023-12-15T13:12:00+01:00
5615,20/142,142,Protokoll der 142. Sitzung des 20. Deutschen Bundestages,2023-12-01,,https://dserver.bundestag.de/btp/20/20142.pdf,https://dserver.bundestag.de/btp/20/20142.xml,37,a0fc40fc8f0b4e8b22dda202a610574e,2024-01-29T10:26:24+01:00
5617,20/143,143,Protokoll der 143. Sitzung des 20. Deutschen Bundestages,2023-12-13,,https://dserver.bundestag.de/btp/20/20143.pdf,https://dserver.bundestag.de/btp/20/20143.xml,74,813d8f37111b73ecb890087e6d52c603,2024-06-03T08:27:28+02:00
5618,20/144,144,Protokoll der 144. Sitzung des 20. Deutschen Bundestages,2023-12-14,,https://dserver.bundestag.de/btp/20/20144.pdf,https://dserver.bundestag.de/btp/20/20144.xml,53,6243193d09def3e3958c89507b7f2a63,2024-01-05T14:47:14+01:00
5619,20/145,145,Protokoll der 145. Sitzung des 20. Deutschen Bundestages,2023-12-15,,https://dserver.bundestag.de/btp/20/20145.pdf,https://dserver.bundestag.de/btp/20/20145.xml,37,f069061bdd37facef28fa26caff8c63c,2024-01-16T14:04:32+01:00
5621,20/146,146,Protokoll der 146. Sitzung des 20. Deutschen Bundestages,2024-01-17,,https://dserver.bundestag.de/btp/20/20146.pdf,https://dserver.bundestag.de/btp/20/20146.xml,65,7fd384154a663a165aad566d75c73658,2024-02-09T14:54:08+01:00
5622,20/147,147,Protokoll der 147. Sitzung des 20. Deutschen Bundestages,2024-01-18,,https://dserver.bundestag.de/btp/20/20147.pdf,https://dserver.bundestag.de/btp/20/20147.xml,49,745265e1340151a8a76e1949e81be0ba,2024-03-11T11:52:50+01:00
5623,20/148,148,Protokoll der 148. Sitzung des 20. Deutschen Bundestages,2024-01-19,,https://dserver.bundestag.de/btp/20/20148.pdf,https://dserver.bundestag.de/btp/20/20148.xml,48,d823c306887e394419493e8cb0a8538d,2024-02-09T14:54:14+01:00
5624,20/149,149,Protokoll der 149. Sitzung des 20. Deutschen Bundestages,2024-01-30,,https://dserver.bundestag.de/btp/20/20149.pdf,https://dserver.bundestag.de/btp/20/20149.xml,3,2aca87ff76873193659dd6cc4bee5236,2024-03-11T11:52:54+01:00
5625,20/150,150,Protokoll der 150. Sitzung des 20. Deutschen Bundestages,2024-01-31,,https://dserver.bundestag.de/btp/20/20150.pdf,https://dserver.bundestag.de/btp/20/20150.xml,9,09cfcd406ed51306d0630ab2c116e22d,2024-02-09T14:54:20+01:00
5626,20/151,151,Protokoll der 151. Sitzung des 20. Deutschen Bundestages,2024-02-01,,https://dserver.bundestag.de/btp/20/20151.pdf,https://dserver.bundestag.de/btp/20/20151.xml,16,e26ac76fafc07f1bd34bec680e224aae,2025-09-30T09:25:25+02:00
5627,20/152,152,Protokoll der 152. Sitzung des 20. Deutschen Bundestages,2024-02-02,,https://dserver.bundestag.de/btp/20/20152.pdf,https://dserver.bundestag.de/btp/20/20152.xml,36,1db0887456567c2b1e42faf32f4aa7a0,2025-09-30T17:31:22+02:00
5629,20/153,153,Protokoll der 153. Sitzung des 20. Deutschen Bundestages,2024-02-21,,https://dserver.bundestag.de/btp/20/20153.pdf,https://dserver.bundestag.de/btp/20/20153.xml,85,b86c209494bd58b89130d29be93800da,2024-06-13T10:08:06+02:00
5630,20/154,154,Protokoll der 154. Sitzung des 20. Deutschen Bundestages,2024-02-22,,https://dserver.bundestag.de/btp/20/20154.pdf,https://dserver.bundestag.de/btp/20/20154.xml,68,222425ba5219380ec05874e445cca6b5,2024-03-18T12:06:05+01:00
5631,20/155,155,Protokoll der 155. Sitzung des 20. Deutschen Bundestages,2024-02-23,,https://dserver.bundestag.de/btp/20/20155.pdf,https://dserver.bundestag.de/btp/20/20155.xml,24,090625c880a1ad82c3e6bf5ce4854385,2024-03-05T14:08:40+01:00
5632,20/156,156,Protokoll der 156. Sitzung des 20. Deutschen Bundestages,2024-03-13,,https://dserver.bundestag.de/btp/20/20156.pdf,https://dserver.bundestag.de/btp/20/20156.xml,66,99a8146ee5ddb71a5121cf04659f4c55,2024-06-03T08:27:32+02:00
5633,20/157,157,Protokoll der 157. Sitzung des 20. Deutschen Bundestages,2024-03-14,,https://dserver.bundestag.de/btp/20/20157.pdf,https://dserver.bundestag.de/btp/20/20157.xml,54,e316db1fdb57323373bb89c973393dd5,2024-04-04T11:36:30+02:00
5634,20/158,158,Protokoll der 158. Sitzung des 20. Deutschen Bundestages,2024-03-15,,https://dserver.bundestag.de/btp/20/20158.pdf,https://dserver.bundestag.de/btp/20/20158.xml,37,8f64fe80ff1ee0f8756f1f402ff8dc8d,2024-03-25T14:44:21+01:00
5635,20/159,159,Protokoll der 159. Sitzung des 20. Deutschen Bundestages,2024-03-20,,https://dserver.bundestag.de/btp/20/20159.pdf,https://dserver.bundestag.de/btp/20/20159.xml,83,14209ca36afb610cc12db7103830dd9d,2024-03-26T12:04:33+01:00
5636,20/160,160,Protokoll der 160. Sitzung des 20. Deutschen Bundestages,2024-03-21,,https://dserver.bundestag.de/btp/20/20160.pdf,https://dserver.bundestag.de/btp/20/20160.xml,58,bcc76d583656ed0dab012a54ec5b351d,2024-06-03T08:27:37+02:00
5637,20/161,161,Protokoll der 161. Sitzung des 20. Deutschen Bundestages,2024-03-22,,https://dserver.bundestag.de/btp/20/20161.pdf,https://dserver.bundestag.de/btp/20/20161.xml,23,e8f14a3107a468cd3556ca50f86ca074,2024-04-03T12:02:24+02:00
5639,20/162,162,Protokoll der 162. Sitzung des 20. Deutschen Bundestages,2024-04-10,,https://dserver.bundestag.de/btp/20/20162.pdf,https://dserver.bundestag.de/btp/20/20162.xml,61,a8befa7a74f4ef94ddadc6626aa5a0c9,2024-04-16T16:54:34+02:00
5640,20/163,163,Protokoll der 163. Sitzung des 20. Deutschen Bundestages,2024-04-11,,https://dserver.bundestag.de/btp/20/20163.pdf,https://dserver.bundestag.de/btp/20/20163.xml,48,16c083a21909a4922c08b506821482b0,2024-04-18T13:15:46+02:00
5641,20/164,164,Protokoll der 164. Sitzung des 20. Deutschen Bundestages,2024-04-12,,https://dserver.bundestag.de/btp/20/20164.pdf,https://dserver.bundestag.de/btp/20/20164.xml,41,a67fb735f060c7e43db55db2deefb017,2024-12-11T09:55:23+01:00
5642,20/165,165,Protokoll der 165. Sitzung des 20. Deutschen Bundestages,2024-04-24,,https://dserver.bundestag.de/btp/20/20165.pdf,https://dserver.bundestag.de/btp/20/20165.xml,77,9a7a1bfea74ad07f77423189797c6d71,2024-06-03T08:27:42+02:00
5643,20/166,166,Protokoll der 166. Sitzung des 20. Deutschen Bundestages,2024-04-25,,https://dserver.bundestag.de/btp/20/20166.pdf,https://dserver.bundestag.de/btp/20/20166.xml,41,9bd3074a1b661e796952bda091c5a15b,2024-04-30T17:00:39+02:00
5644,20/167,167,Protokoll der 167. Sitzung des 20. Deutschen Bundestages,2024-04-26,,https://dserver.bundestag.de/btp/20/20167.pdf,https://dserver.bundestag.de/btp/20/20167.xml,41,f1f6993aac42a5deea7e9b67d2049609,2024-05-07T12:15:21+02:00
5646,20/168,168,Protokoll der 168. Sitzung des 20. Deutschen Bundestages,2024-05-15,,https://dserver.bundestag.de/btp/20/20168.pdf,https://dserver.bundestag.de/btp/20/20168.xml,71,4e665673e7d502a98eed59167a3f28b8,2024-06-13T10:08:15+02:00
5647,20/169,169,Protokoll der 169. Sitzung des 20. Deutschen Bundestages,2024-05-16,,https://dserver.bundestag.de/btp/20/20169.pdf,https://dserver.bundestag.de/btp/20/20169.xml,63,3e1f963c6807db5384bfe3a9dd09caea,2024-10-08T09:51:51+02:00
5648,20/170,170,Protokoll der 170. Sitzung des 20. Deutschen Bundestages,2024-05-17,,https://dserver.bundestag.de/btp/20/20170.pdf,https://dserver.bundestag.de/btp/20/20170.xml,52,dbcda30c66af128dcc77efe26ef06ef1,2024-05-29T15:38:45+02:00
5650,20/171,171,Protokoll der 171. Sitzung des 20. Deutschen Bundestages,2024-06-05,,https://dserver.bundestag.de/btp/20/20171.pdf,https://dserver.bundestag.de/btp/20/20171.xml,75,a4e86cc8f1557e394ea5199996d6cbd0,2024-12-06T07:32:15+01:00
5651,20/172,172,Protokoll der 172. Sitzung des 20. Deutschen Bundestages,2024-06-06,,https://dserver.bundestag.de/btp/20/20172.pdf,https://dserver.bundestag.de/btp/20/20172.xml,58,6d69ffe2f1f739dd6052a405aff154c5,2024-06-11T15:40:42+02:00
5652,20/173,173,Protokoll der 173. Sitzung des 20. Deutschen Bundestages,2024-06-07,,https://dserver.bundestag.de/btp/20/20173.pdf,https://dserver.bundestag.de/btp/20/20173.xml,35,e84b36bd9627bc3bc91288fbc69d4395,2024-06-11T11:24:18+02:00
5653,20/174,174,Protokoll der 174. Sitzung des 20. Deutschen Bundestages,2024-06-12,,https://dserver.bundestag.de/btp/20/20174.pdf,https://dserver.bundestag.de/btp/20/20174.xml,72,517ae9f172ed7ed40ede882e22a96a85,2024-06-13T14:28:41+02:00
5654,20/175,175,Protokoll der 175. Sitzung des 20. Deutschen Bundestages,2024-06-13,,https://dserver.bundestag.de/btp/20/20175.pdf,https://dserver.bundestag.de/btp/20/20175.xml,56,f5091370e0ae41374bf9ba1a3398ebd3,2024-06-27T13:16:38+02:00
5655,20/176,176,Protokoll der 176. Sitzung des 20. Deutschen Bundestages,2024-06-14,,https://dserver.bundestag.de/btp/20/20176.pdf,https://dserver.bundestag.de/btp/20/20176.xml,76,8297674970838ad9bff682e62b4f1f9c,2024-06-25T13:25:10+02:00
5657,20/177,177,Protokoll der 177. Sitzung des 20. Deutschen Bundestages,2024-06-26,,https://dserver.bundestag.de/btp/20/20177.pdf,https://dserver.bundestag.de/btp/20/20177.xml,77,52fcd93eea610545bf484e487f4fedd0,2025-01-06T09:01:29+01:00
5658,20/178,178,Protokoll der 178. Sitzung des 20. Deutschen Bundestages,2024-06-27,,https://dserver.bundestag.de/btp/20/20178.pdf,https://dserver.bundestag.de/btp/20/20178.xml,56,489347d2871edcb8866faf11746d3014,2024-10-08T09:52:00+02:00
5659,20/179,179,Protokoll der 179. Sitzung des 20. Deutschen Bundestages,2024-06-28,,https://dserver.bundestag.de/btp/20/20179.pdf,https://dserver.bundestag.de/btp/20/20179.xml,72,aa00f246bdb71733529316409591b67d,2024-07-10T11:16:03+02:00
5660,20/180,180,Protokoll der 180. Sitzung des 20. Deutschen Bundestages,2024-07-03,,https://dserver.bundestag.de/btp/20/20180.pdf,https://dserver.bundestag.de/btp/20/20180.xml,62,3e10836aa56c0b73d12edd1f533cb99e,2024-08-12T15:45:04+02:00
5661,20/181,181,Protokoll der 181. Sitzung des 20. Deutschen Bundestages,2024-07-04,,https://dserver.bundestag.de/btp/20/20181.pdf,https://dserver.bundestag.de/btp/20/20181.xml,82,ea3c97c8360aa32781ae455574c20c7c,2025-01-31T16:50:45+01:00
5662,20/182,182,Protokoll der 182. Sitzung des 20. Deutschen Bundestages,2024-07-05,,https://dserver.bundestag.de/btp/20/20182.pdf,https://dserver.bundestag.de/btp/20/20182.xml,42,0091cbd22d97602acaeccf3449cd9583,2024-07-11T13:46:50+02:00
5664,20/183,183,Protokoll der 183. Sitzung des 20. Deutschen Bundestages,2024-09-10,,https://dserver.bundestag.de/btp/20/20183.pdf,https://dserver.bundestag.de/btp/20/20183.xml,13,04652ded8891e4e243fa8e682c67aa52,2024-09-11T17:26:53+02:00
5665,20/184,184,Protokoll der 184. Sitzung des 20. Deutschen Bundestages,2024-09-11,,https://dserver.bundestag.de/btp/20/20184.pdf,https://dserver.bundestag.de/btp/20/20184.xml,4,c8f88da6e2b07201f7909c73837f6b92,2024-09-17T17:25:57+02:00
5666,20/185,185,Protokoll der 185. Sitzung des 20. Deutschen Bundestages,2024-09-12,,https://dserver.bundestag.de/btp/20/20185.pdf,https://dserver.bundestag.de/btp/20/20185.xml,25,4ec40cefded8c90ee4406e637396aeaa,2024-10-08T09:52:12+02:00
5667,20/186,186,Protokoll der 186. Sitzung des 20. Deutschen Bundestages,2024-09-13,,https://dserver.bundestag.de/btp/20/20186.pdf,https://dserver.bundestag.de/btp/20/20186.xml,39,17597e35ac4b2dfcfd1e7c6a5169d524,2024-10-08T10:08:27+02:00
5668,20/187,187,Protokoll der 187. Sitzung des 20. Deutschen Bundestages,2024-09-25,,https://dserver.bundestag.de/btp/20/20187.pdf,https://dserver.bundestag.de/btp/20/20187.xml,58,95871c568b47f10751d89ccf23596705,2024-12-06T07:32:22+01:00
5669,20/188,188,Protokoll der 188. Sitzung des 20. Deutschen Bundestages,2024-09-26,,https://dserver.bundestag.de/btp/20/20188.pdf,https://dserver.bundestag.de/btp/20/20188.xml,75,861dc048c4ed9a18a27403d89f1655c5,2024-10-08T12:37:53+02:00
5672,20/189,189,Protokoll der 189. Sitzung des 20. Deutschen Bundestages,2024-09-27,,https://dserver.bundestag.de/btp/20/20189.pdf,https://dserver.bundestag.de/btp/20/20189.xml,41,124a10fd8a19b779ac408618d2f0e6c5,2024-10-02T11:33:28+02:00
5673,20/190,190,Protokoll der 190. Sitzung des 20. Deutschen Bundestages,2024-10-09,,https://dserver.bundestag.de/btp/20/20190.pdf,https://dserver.bundestag.de/btp/20/20190.xml,62,6c90e72d7fbcf4bfefbdb2ffd9c0d7b9,2024-10-11T13:40:38+02:00
5674,20/191,191,Protokoll der 191. Sitzung des 20. Deutschen Bundestages,2024-10-10,,https://dserver.bundestag.de/btp/20/20191.pdf,https://dserver.bundestag.de/btp/20/20191.xml,57,0f69189f543aa147be1938321e438cf5,2024-10-28T11:29:16+01:00
5675,20/192,192,Protokoll der 192. Sitzung des 20. Deutschen Bundestages,2024-10-11,,https://dserver.bundestag.de/btp/20/20192.pdf,https://dserver.bundestag.de/btp/20/20192.xml,30,18a5aada87f1e2c8853c1a4779eb41a6,2024-11-05T11:08:03+01:00
5676,20/193,193,Protokoll der 193. Sitzung des 20. Deutschen Bundestages,2024-10-16,,https://dserver.bundestag.de/btp/20/20193.pdf,https://dserver.bundestag.de/btp/20/20193.xml,57,40993cd521fe42598f9df73ce914dae9,2024-11-05T11:07:31+01:00
5677,20/194,194,Protokoll der 194. Sitzung des 20. Deutschen Bundestages,2024-10-17,,https://dserver.bundestag.de/btp/20/20194.pdf,https://dserver.bundestag.de/btp/20/20194.xml,67,59fd011f624cf6d25c087bb536a70646,2024-11-05T15:34:18+01:00
5678,20/195,195,Protokoll der 195. Sitzung des 20. Deutschen Bundestages,2024-10-18,,https://dserver.bundestag.de/btp/20/20195.pdf,https://dserver.bundestag.de/btp/20/20195.xml,30,d74ecf400cdeb0faf552f70c5e3a3b05,2024-10-28T16:21:45+01:00
5680,20/196,196,Protokoll der 196. Sitzung des 20. Deutschen Bundestages,2024-11-06,,https://dserver.bundestag.de/btp/20/20196.pdf,https://dserver.bundestag.de/btp/20/20196.xml,62,890d91469b78b561241d60d046850e24,2024-11-19T15:00:23+01:00
5681,20/197,197,Protokoll der 197. Sitzung des 20. Deutschen Bundestages,2024-11-07,,https://dserver.bundestag.de/btp/20/20197.pdf,https://dserver.bundestag.de/btp/20/20197.xml,10,959021aa0cd83aac94d1c779fd7e196e,2024-11-12T12:45:26+01:00
5682,20/198,198,Protokoll der 198. Sitzung des 20. Deutschen Bundestages,2024-11-08,,https://dserver.bundestag.de/btp/20/20198.pdf,https://dserver.bundestag.de/btp/20/20198.xml,25,62e7251a7c3e264889d6e4b2226a6753,2024-11-12T11:46:03+01:00
5683,20/199,199,Protokoll der 199. Sitzung des 20. Deutschen Bundestages,2024-11-13,,https://dserver.bundestag.de/btp/20/20199.pdf,https://dserver.bundestag.de/btp/20/20199.xml,60,2458362317d154162b421c0f4ca3f87e,2024-11-26T15:31:33+01:00
5684,20/200,200,Protokoll der 200. Sitzung des 20. Deutschen Bundestages,2024-11-14,,https://dserver.bundestag.de/btp/20/20200.pdf,https://dserver.bundestag.de/btp/20/20200.xml,28,886de46ecd8ebb4f6b964ecca87ccaba,2024-12-20T13:09:59+01:00
5685,20/201,201,Protokoll der 201. Sitzung des 20. Deutschen Bundestages,2024-11-15,,https://dserver.bundestag.de/btp/20/20201.pdf,https://dserver.bundestag.de/btp/20/20201.xml,57,4b1407753bfa4282dd0b3211b52bf298,2024-11-19T14:04:40+01:00
5687,20/202,202,Protokoll der 202. Sitzung des 20. Deutschen Bundestages,2024-12-04,,https://dserver.bundestag.de/btp/20/20202.pdf,https://dserver.bundestag.de/btp/20/20202.xml,55,822c57839dd764ecc4965003122f1886,2024-12-11T15:59:19+01:00
5688,20/203,203,Protokoll der 203. Sitzung des 20. Deutschen Bundestages,2024-12-05,,https://dserver.bundestag.de/btp/20/20203.pdf,https://dserver.bundestag.de/btp/20/20203.xml,156,7baa5caabfbae3796282f90245f4fba8,2025-01-20T11:17:14+01:00
5689,20/204,204,Protokoll der 204. Sitzung des 20. Deutschen Bundestages,2024-12-06,,https://dserver.bundestag.de/btp/20/20204.pdf,https://dserver.bundestag.de/btp/20/20204.xml,38,ebf9cbc4b8ffddc17779dc32d4d519f3,2024-12-17T10:15:00+01:00
5690,20/205,205,Protokoll der 205. Sitzung des 20. Deutschen Bundestages,2024-12-16,Sondersitzung,https://dserver.bundestag.de/btp/20/20205.pdf,https://dserver.bundestag.de/btp/20/20205.xml,3,c737e780040975660225b5b221b80bb6,2025-10-31T08:05:48+01:00
5691,20/206,206,Protokoll der 206. Sitzung des 20. Deutschen Bundestages,2024-12-18,,https://dserver.bundestag.de/btp/20/20206.pdf,https://dserver.bundestag.de/btp/20/20206.xml,58,33260057a36c054bdf3c7da2bdc4dc71,2025-01-21T14:42:38+01:00
5692,20/207,207,Protokoll der 207. Sitzung des 20. Deutschen Bundestages,2024-12-19,,https://dserver.bundestag.de/btp/20/20207.pdf,https://dserver.bundestag.de/btp/20/20207.xml,183,89f9e9fecc973218b736f2846907973a,2025-01-06T16:50:00+01:00
5693,20/208,208,Protokoll der 208. Sitzung des 20. Deutschen Bundestages,2024-12-20,,https://dserver.bundestag.de/btp/20/20208.pdf,https://dserver.bundestag.de/btp/20/20208.xml,83,c0e9d0ffdace5819988a3471cf53e2ff,2025-01-15T10:10:24+01:00
5695,20/209,209,Protokoll der 209. Sitzung des 20. Deutschen Bundestages,2025-01-29,,https://dserver.bundestag.de/btp/20/20209.pdf,https://dserver.bundestag.de/btp/20/20209.xml,67,d135915ede0ef6e3b332e97828b71686,2025-04-29T10:20:23+02:00
5696,20/210,210,Protokoll der 210. Sitzung des 20. Deutschen Bundestages,2025-01-30,,https://dserver.bundestag.de/btp/20/20210.pdf,https://dserver.bundestag.de/btp/20/20210.xml,109,4a541e4fe0fe2bf1ac999b031bbc6717,2025-02-06T16:20:16+01:00
5697,20/211,211,Protokoll der 211. Sitzung des 20. Deutschen Bundestages,2025-01-31,,https://dserver.bundestag.de/btp/20/20211.pdf,https://dserver.bundestag.de/btp/20/20211.xml,96,198df99f5c6eff1ce9627cd9ccafb434,2025-04-09T16:11:39+02:00
5698,20/212,212,Protokoll der 212. Sitzung des 20. Deutschen Bundestages,2025-02-11,,https://dserver.bundestag.de/btp/20/20212.pdf,https://dserver.bundestag.de/btp/20/20212.xml,11,ec4afe942f8dee20fddb5cccdacdb09a,2025-04-29T10:20:29+02:00
5700,20/213,213,Protokoll der 213. Sitzung des 20. Deutschen Bundestages,2025-03-13,Sondersitzung,https://dserver.bundestag.de/btp/20/20213.pdf,https://dserver.bundestag.de/btp/20/20213.xml,4,fd2ac1c4c4cd08659e520265e005e022,2025-10-31T08:05:07+01:00
5701,20/214,214,Protokoll der 214. Sitzung des 20. Deutschen Bundestages,2025-03-18,Sondersitzung,https://dserver.bundestag.de/btp/20/20214.pdf,https://dserver.bundestag.de/btp/20/20214.xml,12,adbabad803cbf3ca32661d5336d8281e,2025-10-31T08:04:42+01:00
