politician_id,name,party,x,y
184332,Mayra Vriesema,BÜNDNIS 90/­DIE GRÜNEN,12.047008,-6.1989403
183275,Lisa Schubert,Die Linke,12.799776,11.113184
182187,Andrea Lübcke,BÜNDNIS 90/­DIE GRÜNEN,12.775104,-4.7004223
182836,Reza Asghari,CDU/CSU,-7.082315,0.49688157
79014,Carsten Schneider,SPD,-3.005609,2.1431742
175896,Alexis Giersch,AfD,5.207205,12.081132
79097,Aydan Özoğuz,SPD,-5.4599786,1.1481247
78834,Mahmut Özdemir,SPD,-4.6688,0.4200269
66563,Cansu Özdemir,Die Linke,13.795725,11.652953
175403,Armand Zorn,SPD,-3.3920233,1.66954
178590,Ulrich von Zons,AfD,4.659831,8.90325
182827,Vanessa-Kim Zobel,CDU/CSU,-2.1827965,2.8542602
183503,Jörg Zirwes,AfD,4.430641,8.266054
175876,Nicolas Zippelius,CDU/CSU,-1.8920211,3.9532166
175914,Diana Zimmer,AfD,4.5779123,8.650561
78902,Stefan Zierke,SPD,-2.6256838,3.9357622
145878,Paul Ziemiak,CDU/CSU,-3.4579396,2.4469466
145732,Kay-Uwe Ziegler,AfD,4.5952992,-8.126488
78904,Emmi Zeulner,CDU/CSU,-1.8884423,2.647533
183257,Anne Zerr,Die Linke,12.714471,11.022513
178558,Daniel Zerbin,AfD,4.349402,8.236017
178644,Christian Zaum,AfD,4.8212523,8.185646
130692,Serdar Yüksel,SPD,-3.0142343,4.0646853
149653,Mareike Lotte Wulf,CDU/CSU,-3.8760395,2.5740135
66277,Alexander Wolf,AfD,5.0869265,8.328164
135302,Janine Wissler,Die Linke,13.200827,11.43991
133683,Mechthilde Wittmann,CDU/CSU,-3.6217515,1.7178653
150296,Christian Wirth,AfD,4.7538376,8.180347
146013,Tina Winklmann,BÜNDNIS 90/­DIE GRÜNEN,11.856201,-5.76476
142259,Tobias Winkler,CDU/CSU,-3.3651257,2.853362
78916,Elisabeth Winkelmeier-Becker,CDU/CSU,-2.9524364,3.9419477
182855,Johannes Winkel,CDU/CSU,-1.8581424,3.9738312
78914,Klaus-Peter Willsch,CDU/CSU,-3.9684758,2.0453615
182209,Christin Willnat,Die Linke,12.662214,10.978271
78913,Dirk Wiese,SPD,-3.0415628,3.9697871
175862,Klaus Wiener,CDU/CSU,-2.1658237,2.8219566
145806,Wolfgang Wiehle,AfD,4.663448,8.006343
175895,Johannes Wiegelmann,CDU/CSU,-1.8677616,4.0014296
78817,Kai Whittaker,CDU/CSU,-2.5460563,3.7664714
175968,Sven Wendorf,AfD,4.5729785,7.9875927
175867,Maria-Lena Weiss,CDU/CSU,-5.5895615,1.5738515
175015,Claudia Weiss,AfD,5.4677916,6.7043085
78919,Anja Weisgerber,CDU/CSU,-2.9210696,4.0005927
175947,Mathias Weiser,AfD,4.4849486,7.9717827
108379,Alice Weidel,AfD,4.7804465,8.395748
175409,Carmen Wegge,SPD,-3.2528827,1.7821728
78805,Nina Warken,CDU/CSU,-6.812441,1.0093257
165836,Daniel Walter,SPD,-3.7642863,1.8183293
175464,Maja Wallstein,SPD,-3.0794678,4.112749
182890,Siegfried Walch,CDU/CSU,-5.6541514,1.5520371
175309,Sascha Wagner,Die Linke,12.745865,11.025013
175584,Johannes Wagner,BÜNDNIS 90/­DIE GRÜNEN,11.888261,-5.9766297
175410,Carolin Wagner,SPD,-1.9567276,3.854529
145969,Robin Wagener,BÜNDNIS 90/­DIE GRÜNEN,11.839967,-6.1188617
146020,Niklas Wagener,BÜNDNIS 90/­DIE GRÜNEN,11.87273,-6.123729
78818,Johann Wadephul,CDU/CSU,-1.8986894,3.1066139
78938,Dirk Vöpel,SPD,-1.9451953,2.57254
146784,Marja-Liisa Völlers,SPD,-3.3948646,2.757758
66002,Christoph de Vries,CDU/CSU,-7.4122863,-0.49317768
183219,Sarah Vollath,Die Linke,13.145278,11.393423
182876,Johannes Volkmann,CDU/CSU,-1.8549178,3.9889257
170273,Donata Vogtschmidt,Die Linke,12.726901,11.044402
145876,Oliver Vogt,CDU/CSU,-2.499845,3.3125322
182935,Ingo Vogel,SPD,-4.0607247,2.4906194
145877,Kerstin Vieregge,CDU/CSU,-3.1385121,3.0749283
78944,Julia Verlinden,BÜNDNIS 90/­DIE GRÜNEN,11.906214,-6.1564984
31073,Isabelle Vandre,Die Linke,12.884274,11.199537
183231,Aaron Valent,Die Linke,12.690136,11.002073
183483,Martina Uhr,AfD,4.8788195,8.393925
175599,Katrin Uhlig,BÜNDNIS 90/­DIE GRÜNEN,11.834793,-6.176172
175419,Derya Türk-Nachbaur,SPD,-2.9985476,3.2458384
136824,Markus Töns,SPD,-2.7408764,2.7923608
78821,Carsten Träger,SPD,-2.8454392,3.7805405
175394,Anja Troff-Schaffarzyk,SPD,-3.5281415,1.741261
180245,Bastian Treuheit,AfD,4.5169687,8.86176
175351,Gerhard Trabert,Die Linke,-1.8890485,3.7807858
78958,Astrid Timmermann-Fechter,CDU/CSU,-3.0085766,4.066065
108605,Alexander Throm,CDU/CSU,-4.3282795,2.4690807
178690,Ulrich Thoden,Die Linke,12.963874,11.296948
78960,Michael Thews,SPD,-2.7171605,2.8533707
158687,Hans Theiss,CDU/CSU,-3.9367626,2.6146023
138346,Roland Theis,CDU/CSU,-1.882358,2.6836493
181949,Robert Teske,AfD,4.569711,-8.101094
175538,Awet Tesfaiesus,BÜNDNIS 90/­DIE GRÜNEN,11.969827,-6.2076235
158594,Tobias Teich,AfD,4.7369375,8.066861
182828,Vivian Tauschwitz,CDU/CSU,-5.9503026,1.7323583
175488,Ruppert Stüwe,SPD,-2.563654,3.4936914
177578,Christina Stumpp,CDU/CSU,-2.3059442,3.001518
182851,Hendrik Streeck,CDU/CSU,-1.867011,2.8773189
175953,Otto Strauß,AfD,4.9225483,8.2061825
182862,Katja Strauss-Köster,CDU/CSU,-3.0358694,1.8913454
78976,Stephan Stracke,CDU/CSU,-2.8639255,2.5431037
29202,Beatrix von Storch,AfD,4.699641,8.497694
78979,Dieter Stier,CDU/CSU,-2.4637446,3.7701173
78939,Christian von Stetten,CDU/CSU,-3.8855667,2.6740682
175972,Thomas Stephan,AfD,5.4623156,6.7363195
164996,Hanna Steinmüller,BÜNDNIS 90/­DIE GRÜNEN,11.97024,-6.2184587
78797,Johannes Steiniger,CDU/CSU,-2.372585,3.0006185
182839,Sebastian Steineke,CDU/CSU,-2.1207645,3.1844714
183064,Sandra Stein,BÜNDNIS 90/­DIE GRÜNEN,11.895308,-6.207907
139062,Ralf Stegner,SPD,-3.1117156,2.1657674
78981,Albert Stegemann,CDU/CSU,-2.886515,3.5344758
78988,Wolfgang Stefinger,CDU/CSU,-3.6454642,1.7604976
66475,Till Steffen,BÜNDNIS 90/­DIE GRÜNEN,11.993145,-6.2302446
183211,Julia-Christina Stange,Die Linke,13.037476,11.329302
145898,Katrin Staffler,CDU/CSU,-4.1944737,2.4396787
78996,Svenja Stadler,SPD,-3.3970504,2.6306446
145723,René Springer,AfD,4.41,8.224873
78993,Jens Spahn,CDU/CSU,-3.5184438,1.6344534
78992,Tino Sorge,CDU/CSU,-3.6062596,1.1997193
164992,Nyke Slawik,BÜNDNIS 90/­DIE GRÜNEN,12.063014,-5.951337
145888,Björn Simon,CDU/CSU,-3.7767901,1.8936639
78831,Thomas Silberhorn,CDU/CSU,-2.4314737,3.2480235
145823,Martin Sichert,AfD,4.597677,-8.129128
175519,Lina Seitzl,SPD,-2.9171846,2.543272
182873,Nora Seitz,CDU/CSU,-3.0272243,1.6528976
183482,Dario Seifert,AfD,4.7574787,7.755225
78825,Detlef Seif,CDU/CSU,-3.6527746,1.8062568
176316,Stefan Seidler,fraktionslos,11.737842,-6.425853
175370,Evelyn Schötz,Die Linke,12.97654,11.284862
158733,Marlene Schönberger,BÜNDNIS 90/­DIE GRÜNEN,12.067872,-6.0124826
175522,Johannes Schätzl,SPD,-2.499674,3.3950193
175649,Sebastian Schäfer,BÜNDNIS 90/­DIE GRÜNEN,11.744607,-5.983738
175580,Jamila Anna Schäfer,BÜNDNIS 90/­DIE GRÜNEN,11.8544855,-6.3064046
180854,Ines Schwerdtner,Die Linke,13.373769,11.496941
79001,Rita Schwarzelühr-Sutter,SPD,-3.4541645,1.5100031
79000,Andreas Schwarz,SPD,-2.4561896,2.8562465
78999,Stefan Schwartze,SPD,-3.5277512,2.9175296
78998,Frank Schwabe,SPD,-3.9662466,2.3084254
131019,Svenja Schulze,SPD,-4.0422363,0.6965366
145770,Uwe Schulz,AfD,4.9837255,7.468662
182848,Marvin Schulz,CDU/CSU,-1.8501713,4.04023
175905,Bernd Schuhmann,AfD,5.2646847,7.258143
170151,Stefan Schröder,AfD,4.424177,9.091906
183529,Georg Schroeter,AfD,5.4555554,10.685472
121738,Michael Schrodi,SPD,-5.5624657,1.4075491
108783,Felix Schreiner,CDU/CSU,-1.8825356,2.7000885
29441,Johannes Schraps,SPD,-3.283201,1.8357882
66924,Olaf Scholz,SPD,-5.2817945,0.44161952
78836,Patrick Schnieder,CDU/CSU,-3.7163475,2.1630485
176576,Julia Schneider,BÜNDNIS 90/­DIE GRÜNEN,11.933458,-5.826809
140944,Uwe Schmidt,SPD,-2.7133715,3.7895985
121977,Stefan Schmidt,BÜNDNIS 90/­DIE GRÜNEN,11.788831,-5.9110374
182821,Sebastian Schmidt,CDU/CSU,-3.245288,1.7063448
108815,Paul Schmidt,AfD,4.933488,8.380749
145768,Julian Schmidt,AfD,5.0016737,8.390112
152755,Jan Wenzel Schmidt,fraktionslos,4.6733737,7.82052
66004,Henri Schmidt,CDU/CSU,-2.9952269,3.5261068
79036,Dagmar Schmidt,SPD,-2.9947317,4.0334897
108960,Nils Schmid,SPD,-2.9194086,3.4927206
141311,Christoph Schmid,SPD,-2.7473154,2.7636175
175286,David Schliesing,Die Linke,12.976496,11.27479
175942,Manfred Schiller,AfD,4.743043,8.443383
180235,Carina Schießl,AfD,5.065939,8.390112
168672,Lars Schieske,AfD,4.969487,8.245511
123546,Ulrike Schielke-Ziesing,AfD,5.004122,8.263318
175017,Volker Scheurell,AfD,4.8013425,7.8519106
170325,Christiane Schenderlein,CDU/CSU,-2.2750065,3.632711
175956,Raimond Scheirich,AfD,4.679321,8.53231
79023,Nina Scheer,SPD,-2.7431164,3.183947
79021,Ulle Schauws,BÜNDNIS 90/­DIE GRÜNEN,12.148945,-6.086295
175904,Bernd Schattner,AfD,4.656842,-8.18822
182856,Carl-Philipp Sassenrath,CDU/CSU,-3.044124,3.9555268
175836,Catarina dos Santos-Wintz,CDU/CSU,-5.699782,0.4052101
184320,Zada Salihović,Die Linke,13.024092,11.315249
175594,Kassem Taher Saleh,BÜNDNIS 90/­DIE GRÜNEN,11.737862,-5.9725213
79032,Johann Saathoff,SPD,-3.5469432,1.5321888
79051,Bernd Rützel,SPD,-2.4041874,2.892932
79046,Corinna Rüffer,BÜNDNIS 90/­DIE GRÜNEN,11.975517,-6.3695235
73300,Thomas Röwekamp,CDU/CSU,-4.3162203,2.509188
79043,Norbert Röttgen,CDU/CSU,-2.7089355,2.7665105
79047,Albert Rupprecht,CDU/CSU,-2.6280935,3.542117
145843,Ruben Rupp,AfD,4.24878,8.115579
182913,Daniela Rump,SPD,-3.3297386,1.5978963
183489,Angela Rudzka,AfD,4.9562364,7.4611516
175502,Thorsten Rudolph,SPD,-1.8903732,3.0684347
145872,Stefan Rouenhoff,CDU/CSU,-3.121915,1.805028
182949,Philipp Rottwilm,SPD,-2.3072896,3.7496579
165158,Rainer Rothfuß,AfD,5.023421,7.4303946
182900,Johannes Rothenberger,CDU/CSU,-2.472398,2.7205827
79041,Claudia Roth,BÜNDNIS 90/­DIE GRÜNEN,11.8416605,-6.3437686
146839,Sebastian Roloff,SPD,-2.8432112,4.0446057
30936,Lars Rohwer,CDU/CSU,-2.8965664,4.0132217
79066,Dennis Rohde,SPD,-3.7569606,2.2032144
146806,Daniel Rinkert,SPD,-2.675047,3.5943055
183055,Sylvia Rietenberg,BÜNDNIS 90/­DIE GRÜNEN,11.771331,-6.1310916
181741,Matthias Rentzsch,AfD,4.659398,7.839989
121673,Martin Erwin Renner,AfD,4.7397833,7.9185863
180856,Lea Reisner,Die Linke,12.855039,11.1775055
146043,Anja Reinalter,BÜNDNIS 90/­DIE GRÜNEN,11.774148,-6.1295023
149570,Heidi Reichinnek,Die Linke,12.75932,11.094232
175869,Markus Reichel,CDU/CSU,-1.913469,2.95201
182905,Truels Reichardt,SPD,-2.4470217,3.1097994
150298,Martin Reichardt,AfD,5.075528,7.3699813
175940,Lukas Rehm,AfD,4.7794785,7.817656
130301,Henning Rehbaum,CDU/CSU,-2.9886973,3.0817392
182879,Pascal Reddig,CDU/CSU,-1.9114577,3.9287093
183533,Christian Reck,AfD,5.014355,8.287916
182324,Arne Onni Raue,AfD,4.3850117,8.121013
31607,Bodo Ramelow,Die Linke,12.809641,11.137434
79067,Alois Rainer,CDU/CSU,-2.976083,3.702015
79069,Alexander Radwan,CDU/CSU,-1.9881063,2.6028693
79070,Kerstin Radomski,CDU/CSU,-2.187674,3.1264963
79071,Thomas Rachel,CDU/CSU,-3.5800488,2.492144
79073,Martin Rabanus,SPD,-3.7632718,2.31304
179282,Marcel Queckemeyer,AfD,5.8140874,9.828571
182865,Oliver Pöpsel,CDU/CSU,-5.114044,0.5878446
183481,Kerstin Przygodda,AfD,4.5541325,9.49243
121997,Stephan Protschka,AfD,5.2769456,10.027436
182896,David Preisendanz,CDU/CSU,-4.2943125,0.6302719
79077,Sabine Poschmann,SPD,-6.545301,-0.019354535
136013,Filiz Polat,BÜNDNIS 90/­DIE GRÜNEN,13.100583,-4.27509
178149,Jan-Wilhelm Pohlmann,CDU/CSU,-6.549014,0.20939523
175871,Martin Plum,CDU/CSU,-6.521008,1.2522132
66005,Christoph Ploß,CDU/CSU,-4.4529476,0.31367794
149389,Boris Pistorius,SPD,-6.3961763,0.17092197
145901,Stephan Pilsinger,CDU/CSU,-6.1432223,1.3068485
31707,Paula Piechotta,BÜNDNIS 90/­DIE GRÜNEN,13.021214,-4.4121866
122063,Tobias Matthias Peterka,AfD,5.4935207,6.701404
146117,Sören Pellmann,Die Linke,13.789551,11.640539
175443,Jens Peick,SPD,-7.1416683,0.065555505
146824,Natalie Pawlik,SPD,-4.9448314,0.79614484
79090,Lisa Paus,BÜNDNIS 90/­DIE GRÜNEN,13.006146,-4.294772
182877,Thomas Pauls,CDU/CSU,-6.0865426,1.6901997
184319,Denis Pauli,AfD,5.738555,9.991083
145700,Andreas Paul,AfD,5.881493,10.058337
175374,Luigi Pantisano,Die Linke,14.098985,11.679399
136381,Christos Pantazis,SPD,-6.1969004,-0.054761007
79108,Florian Oßner,CDU/CSU,-4.0951486,0.6646246
145808,Gerold Otten,AfD,5.269621,9.975204
175593,Karoline Otte,BÜNDNIS 90/­DIE GRÜNEN,13.027733,-3.6875486
145890,Josef Oster,CDU/CSU,-5.7653084,-0.13063827
146867,Josephine Ortleb,SPD,-3.3647094,2.0071836
182887,Harald Orthey,CDU/CSU,-7.83312,-0.9617067
175848,Florian Oest,CDU/CSU,-4.005153,0.75057125
79106,Wilfried Oellers,CDU/CSU,-4.547216,0.29827893
79103,Omid Nouripour,BÜNDNIS 90/­DIE GRÜNEN,12.872705,-4.641832
78819,Konstantin von Notz,BÜNDNIS 90/­DIE GRÜNEN,11.596439,-6.112719
145764,Jan Ralf Nolte,AfD,4.3475685,9.618234
110154,Iris Nieland,AfD,4.661571,-8.192556
121794,Ophelia Nick,BÜNDNIS 90/­DIE GRÜNEN,13.0633335,-4.341005
184031,Charlotte Neuhäuser,Die Linke,13.311947,11.453765
175916,Edgar Naujok,AfD,4.5782933,-8.1099415
175484,Rasha Nasr,SPD,-6.179249,1.2992963
175643,Sara Nanni,BÜNDNIS 90/­DIE GRÜNEN,12.77984,-4.535763
130574,Stefan Nacke,CDU/CSU,-5.2841496,0.88033015
78838,Rolf Mützenich,SPD,-4.229851,0.539303
145795,Sebastian Münzenmaier,AfD,5.296653,9.96107
145867,Sepp Müller,CDU/CSU,-3.6721087,2.1471186
146018,Sascha Müller,BÜNDNIS 90/­DIE GRÜNEN,13.038011,-3.9685037
175894,Florian Müller,CDU/CSU,-6.2325783,1.5916715
121017,Claudia Müller,BÜNDNIS 90/­DIE GRÜNEN,12.904386,-4.378756
79116,Carsten Müller,CDU/CSU,-4.4501905,0.4240647
145896,Axel Müller,CDU/CSU,-5.3726497,1.5403746
97972,Stefan Möller,AfD,4.6243105,-8.155491
146780,Siemtje Möller,SPD,-5.489034,1.0240645
182888,Christian Moser,CDU/CSU,-3.9063187,1.8063475
176762,Matthias Moosdorf,AfD,4.941125,7.484953
146801,Claudia Moll,SPD,-5.918537,1.8129568
158609,Reinhard Mixl,AfD,5.6139445,10.101641
108876,Sahra Mirow,Die Linke,13.668942,11.603362
166077,Sergej Minich,AfD,5.3597302,10.04352
145984,Boris Mijatović,BÜNDNIS 90/­DIE GRÜNEN,12.889849,-4.2293787
79129,Irene Mihalic,BÜNDNIS 90/­DIE GRÜNEN,13.0513315,-3.706032
175471,Matthias Mieves,SPD,-6.338104,0.7086598
79133,Matthias Miersch,SPD,-4.3219104,0.5441687
79132,Mathias Middelberg,CDU/CSU,-7.043012,0.15575832
168396,Kathrin Michel,SPD,-4.939336,0.2669126
145921,Swantje Michaelsen,BÜNDNIS 90/­DIE GRÜNEN,13.058754,-4.2657976
183528,Knuth Meyer-Soltau,AfD,5.8800178,10.331808
78847,Jan Metzler,CDU/CSU,-6.3895974,1.1186404
118559,Friedrich Merz,CDU/CSU,-3.5081117,1.403045
183186,Stella Merendino,Die Linke,12.607161,10.922059
79135,Michael Meister,CDU/CSU,-4.69657,0.2035009
117904,Pascal Meiser,Die Linke,13.658363,11.567116
145703,Danny Meiners,AfD,5.6984673,10.114007
183154,Tamara Mazzi,Die Linke,13.965433,11.7978115
175888,Volker Mayer-Lay,CDU/CSU,-5.108587,-0.070289224
175679,Zoe Mayer,BÜNDNIS 90/­DIE GRÜNEN,13.019731,-4.48082
79134,Stephan Mayer,CDU/CSU,-4.7707434,1.705389
180259,Andreas Mayer,AfD,5.7737265,10.126436
145741,Markus Matzerath,AfD,5.6707225,10.247099
79141,Andreas Mattfeldt,CDU/CSU,-7.0001388,0.09478443
79140,Katja Mast,SPD,-5.0825534,0.82792926
121799,Parsa Marvi,SPD,-6.582788,0.9251542
174133,Johann Martel,AfD,4.3336096,9.658764
30917,Holger Mann,SPD,-3.8467224,0.8456191
146837,Isabel Mackensen-Geis,SPD,-6.2120543,0.3157858
175863,Klaus Mack,CDU/CSU,-5.5589285,1.2020004
110102,Tanja Machalet,SPD,-5.464683,1.5933791
123031,Sebastian Maack,AfD,5.31652,10.045583
118131,Anna Lührmann,BÜNDNIS 90/­DIE GRÜNEN,12.013869,-6.1832194
175406,Bettina Lugk,SPD,-6.1811447,0.60004914
30789,Saskia Ludwig,CDU/CSU,-4.812476,0.07560823
79146,Daniela Ludwig,CDU/CSU,-5.5761404,1.1836808
79147,Jan-Marco Luczak,CDU/CSU,-6.305753,1.3319237
175624,Max Lucks,BÜNDNIS 90/­DIE GRÜNEN,12.01575,-6.372801
145742,Rüdiger Lucassen,AfD,5.8894763,10.188635
175557,Denise Loop,BÜNDNIS 90/­DIE GRÜNEN,11.649104,-6.2382364
79150,Patricia Lips,CDU/CSU,-7.0006475,0.47893658
79149,Carsten Linnemann,CDU/CSU,-6.738396,1.0921026
79192,Andrea Lindholz,CDU/CSU,-4.60423,0.2952117
146804,Helge Lindh,SPD,-6.9415107,0.41307998
136080,Helge Limburg,BÜNDNIS 90/­DIE GRÜNEN,13.050512,-4.41173
138463,Esra Limbacher,SPD,-6.1730075,0.5588359
79194,Andreas Lenz,CDU/CSU,-4.0619097,1.9634025
175959,Sascha Lensing,AfD,5.7095127,9.917764
183114,Rebecca Lenhard,BÜNDNIS 90/­DIE GRÜNEN,12.881695,-4.54852
79199,Steffi Lemke,BÜNDNIS 90/­DIE GRÜNEN,12.769094,-4.909386
175323,Sonja Lemke,Die Linke,13.858116,11.710518
145948,Sven Lehmann,BÜNDNIS 90/­DIE GRÜNEN,12.120258,-6.07884
118790,Jens Lehmann,CDU/CSU,-6.3971715,1.483046
79205,Caren Lay,Die Linke,13.75393,11.609748
79215,Karl Lauterbach,SPD,-3.676626,1.1318468
78812,Silke Launert,CDU/CSU,-6.1888814,-0.09947639
122336,Ina Latendorf,Die Linke,13.876167,11.698648
130072,Armin Laschet,CDU/CSU,-6.3737497,1.3071655
79214,Ulrich Lange,CDU/CSU,-6.5420732,1.3880403
164990,Ricarda Lang,BÜNDNIS 90/­DIE GRÜNEN,13.069385,-4.2564397
159482,Pierre Lamely,AfD,5.217394,9.930329
168310,Thomas Ladzinski,AfD,5.1722136,9.881627
183522,Anna Leonore Labitzke Rathert,AfD,4.407056,9.361648
178656,Jan Köstering,Die Linke,13.862806,11.665698
165168,Konrad Körner,CDU/CSU,-5.3104277,1.5424597
79238,Carsten Körber,CDU/CSU,-6.8003116,1.0324324
121468,Jörn König,AfD,5.6291237,9.999435
175831,Anne König,CDU/CSU,-2.2370281,2.2960973
182820,Daniel Kölbl,CDU/CSU,-6.843282,0.66754997
184033,Cansın Köktürk,Die Linke,12.665285,10.966115
145845,Achim Köhler,AfD,4.2872305,9.708487
145841,Jürgen Kögel,AfD,5.144251,7.317891
29490,Tilman Kuban,CDU/CSU,-6.8879523,0.976159
175467,Martin Kröber,SPD,-5.03514,0.011515119
79227,Günter Krings,CDU/CSU,-5.5103955,1.2326351
122755,Lukas Krieger,CDU/CSU,-5.54905,1.205344
79226,Gunther Krichbaum,CDU/CSU,-6.6421623,1.3821574
149682,Dunja Kreiser,SPD,-5.518753,1.665482
184318,Manuel Johannes Krauthausen,AfD,5.173148,10.017373
79223,Anette Kramme,SPD,-3.854242,0.92852277
165152,Maximilian Krah,AfD,4.2720327,9.729258
145830,Rainer Kraft,AfD,5.3879714,9.979586
122834,Ferat Koçak,Die Linke,12.620197,10.932123
31221,Steffen Kotré,AfD,5.445673,9.9663925
175003,Thomas Korell,AfD,5.644892,10.103306
182878,Stefan Korbach,CDU/CSU,-6.21986,0.6589238
175543,Chantal Kopf,BÜNDNIS 90/­DIE GRÜNEN,12.602192,-4.8957653
79237,Markus Koob,CDU/CSU,-5.382991,1.5103853
123532,Enrico Komning,AfD,5.846725,9.915314
141591,Hans Koller,CDU/CSU,-3.9040978,2.0142279
79234,Bärbel Kofler,SPD,-5.908134,0.13466568
108585,Heinrich Koch,AfD,4.286899,9.715988
79239,Axel Knoerig,CDU/CSU,-6.0149503,0.44920006
184317,Sieghard Knodel,fraktionslos,-2.5373123,3.5749495
177535,Maximilian Kneller,AfD,5.1762853,9.8703375
175503,Tim Klüssendorf,SPD,-5.3031764,0.4988594
110066,Julia Klöckner,CDU/CSU,-6.256745,0.10423618
175401,Annika Klose,SPD,-4.5936804,0.4164949
79241,Lars Klingbeil,SPD,-6.8443756,0.9962709
178160,Kurt Klaus Kleinschmidt,AfD,5.424178,9.79184
175877,Ottilie Klein,CDU/CSU,-6.616935,-0.08362802
175433,Helmut Kleebank,SPD,-5.0189447,0.81169623
79242,Georg Kippels,CDU/CSU,-5.6740036,0.46801326
145902,Michael Kießling,CDU/CSU,-5.41655,0.9634521
79246,Roderich Kiesewetter,CDU/CSU,-5.569206,0.19872478
146003,Misbah Khan,BÜNDNIS 90/­DIE GRÜNEN,13.045461,-4.5371456
179277,Rocco Kever,AfD,5.2679243,10.06765
147331,Stefan Keuter,AfD,5.737653,10.028827
146793,Franziska Kersten,SPD,-5.907375,0.6279674
177565,Martina Kempf,AfD,4.980988,7.5176744
79480,Ronja Kemmer,CDU/CSU,-4.60003,1.7565286
175629,Michael Kellner,BÜNDNIS 90/­DIE GRÜNEN,13.121642,-4.160119
121837,Michael Kaufmann,AfD,4.5268555,-8.058832
145844,Malte Kaufmann,AfD,4.372477,9.547779
79249,Anja Karliczek,CDU/CSU,-5.887974,0.01678887
121602,Macit Karaahmetoğlu,SPD,-5.934374,0.10051822
73426,Kirsten Kappert-Gonther,BÜNDNIS 90/­DIE GRÜNEN,13.054271,-3.857085
182859,Nicklas Kappe,CDU/CSU,-4.6375313,0.5284124
118997,Maren Kaminski,Die Linke,14.00148,11.6830635
146830,Elisabeth Kaiser,SPD,-5.085358,1.6649178
175603,Lamya Kaddor,BÜNDNIS 90/­DIE GRÜNEN,13.004996,-4.450708
78859,Oliver Kaczmarek,SPD,-6.2140875,0.9016938
183496,Robin Jünger,AfD,5.893707,9.829575
79268,Frank Junge,SPD,-1.9465872,2.763691
78867,Andreas Jung,CDU/CSU,-4.6390324,1.7687582
175588,Julian Joswig,BÜNDNIS 90/­DIE GRÜNEN,13.165365,-4.3254914
182837,Alexander Jordan,CDU/CSU,-5.6982937,-0.12074932
79277,Thomas Jarzombek,CDU/CSU,-4.0460796,0.6751583
175830,Anne Janssen,CDU/CSU,-6.0257807,-0.13976097
175967,Steffen Janich,AfD,5.5054684,6.721956
147218,Fabian Jacobi,AfD,5.9644914,10.030931
183177,Cem Ince,Die Linke,13.711371,11.622501
145791,Nicole Höchst,AfD,4.500293,-8.031964
175922,Gerrit Huy,AfD,4.844804,12.0897045
175512,Verena Hubertz,SPD,-4.7778344,0.46861878
183224,Luke Hoß,Die Linke,13.985279,11.7353735
146856,Jasmina Hostert,SPD,-3.8190715,1.8930947
29094,Michael Hose,CDU/CSU,-7.0176115,0.65725994
175851,Franziska Hoppermann,CDU/CSU,-6.810753,0.83813435
79293,Hendrik Hoppenstedt,CDU/CSU,-4.882122,0.043881577
123559,Leif-Erik Holm,AfD,5.9154754,10.044087
79294,Anton Hofreiter,BÜNDNIS 90/­DIE GRÜNEN,12.943907,-4.7735615
138330,Philip Hoffmann,CDU/CSU,-6.7988176,0.019795617
79295,Alexander Hoffmann,CDU/CSU,-5.9900556,1.7446085
78865,Christian Hirte,CDU/CSU,-7.3072095,-0.6923613
145754,Karsten Hilse,AfD,4.419923,-7.9514995
184316,Olaf Hilmer,AfD,4.938588,12.359567
182897,Matthias Hiller,CDU/CSU,-7.5984435,-0.63504565
142212,Susanne Hierl,CDU/CSU,-9.2065325,-1.8802599
79307,Ansgar Heveling,CDU/CSU,-7.2830067,-0.35765266
183031,Moritz Heuberger,BÜNDNIS 90/­DIE GRÜNEN,13.012482,-3.4337528
175432,Heike Heubach,SPD,-8.703244,0.0059110383
179923,Nicole Hess,AfD,5.1958556,11.993829
145840,Martin Hess,AfD,5.2426515,10.368228
175476,Nadine Heselhaus,SPD,-7.127239,-0.50097424
183279,Mareike Hermeier,Die Linke,13.808041,11.585632
182885,Diana Herbstreuth,CDU/CSU,-6.81325,0.76631004
149381,Stefan Henze,AfD,5.1535187,12.174098
145874,Marc Henrichmann,CDU/CSU,-7.9341607,-0.71771276
145749,Udo Hemmelgarn,AfD,4.308613,9.777501
79299,Mark Helfrich,CDU/CSU,-8.837954,-0.07666448
145751,Matthias Helferich,AfD,5.342434,11.805602
66491,Linda Heitmann,BÜNDNIS 90/­DIE GRÜNEN,13.058824,-3.0564396
79320,Gabriela Heinrich,SPD,-9.143697,-1.2807031
136025,Frauke Heiligenstadt,SPD,-9.127475,-1.5160406
79316,Hubertus Heil,SPD,-7.0207143,-0.4968794
79317,Mechthild Heil,CDU/CSU,-7.9251785,-0.8495631
79325,Britta Haßelmann,BÜNDNIS 90/­DIE GRÜNEN,13.021031,-2.9913893
147226,Jochen Haug,AfD,5.0882797,11.789199
79322,Matthias Hauer,CDU/CSU,-8.912075,-0.07561929
79326,Sebastian Hartmann,SPD,-8.080305,-1.8352437
78863,Jürgen Hardt,CDU/CSU,-7.908322,-0.8872703
145714,Mirco Hanker,AfD,5.292605,11.835131
79327,Metin Hakverdi,SPD,-7.985741,-1.7362583
132357,Lars Haise,AfD,4.9886665,12.335335
182892,Heiko Hain,CDU/CSU,-8.637813,-1.5308111
158590,Ingo Hahn,AfD,5.534419,11.728804
79329,Florian Hahn,CDU/CSU,-7.5982847,-0.35363695
79333,Bettina Hagedorn,SPD,-8.479707,-1.9701135
79332,Christian Haase,CDU/CSU,-8.853088,-1.4961276
141210,Ates Gürpinar,Die Linke,14.75367,12.036338
79335,Fritz Güntzler,CDU/CSU,-8.85732,0.057226967
175852,Georg Günther,CDU/CSU,-5.9344993,-0.17579477
130691,Serap Güler,CDU/CSU,-8.832154,-1.2702954
132869,Christian Görke,Die Linke,14.7683525,12.124467
78886,Katrin Göring-Eckardt,BÜNDNIS 90/­DIE GRÜNEN,13.051028,-3.3444078
79334,Gregor Gysi,Die Linke,13.291133,11.375518
79336,Olav Gutting,CDU/CSU,-7.0242248,0.8901455
175683,Lena Gumnior,BÜNDNIS 90/­DIE GRÜNEN,12.938251,-2.737686
28896,Inge Gräßle,CDU/CSU,-7.9902825,-1.8311427
158593,Rainer Gross,AfD,5.09221,12.042826
123558,Christoph Grimm,AfD,4.808527,9.089729
79349,Kerstin Griese,SPD,-7.796652,-0.82266843
182883,David Gregosz,CDU/CSU,-8.197534,-1.8992746
175537,Armin Grau,BÜNDNIS 90/­DIE GRÜNEN,13.107234,-2.9641242
123289,Adrian Grasse,CDU/CSU,-8.375164,-0.13191701
108738,Fabian Gramling,CDU/CSU,-9.061916,-1.267798
174123,Hans-Jürgen Goßner,AfD,5.0810285,11.457266
66285,Kay Gottschalk,AfD,5.7641253,7.056647
79353,Nicole Gohlke,Die Linke,14.297699,11.778425
175923,Hannes Gnauck,AfD,5.811214,7.0293937
79481,Angelika Glöckner,SPD,-7.3757763,-0.8239475
123018,Ronald Gläser,AfD,5.391862,11.837262
183252,Vinzenz Glaser,Die Linke,13.348456,11.479345
147328,Jan-Niclas Gesenhues,BÜNDNIS 90/­DIE GRÜNEN,11.809839,-5.818245
79356,Martin Gerster,SPD,-7.680823,-0.57494926
122857,Katalin Gennburg,Die Linke,14.425776,12.0825815
125186,Jonas Geissler,CDU/CSU,-9.09895,-1.248445
79366,Thomas Gebhart,CDU/CSU,-7.930116,-1.2995785
175891,Wilhelm Gebhard,CDU/CSU,-5.6219177,-0.042155214
183283,Kathrin Gebel,Die Linke,14.343709,11.944973
31216,Alexander Gauland,AfD,5.4786425,10.108098
79364,Matthias Gastel,BÜNDNIS 90/­DIE GRÜNEN,13.050216,-3.2727997
175645,Schahina Gambir,BÜNDNIS 90/­DIE GRÜNEN,13.010486,-3.0862656
183508,Boris Gamanov,AfD,5.176515,12.247143
182110,Rainer Galla,AfD,5.275649,11.895027
79389,Hermann Färber,CDU/CSU,-9.30698,-1.0008868
150288,Götz Frömming,AfD,5.571245,11.692586
108761,Markus Frohnmaier,AfD,5.099916,10.656597
79370,Michael Frieser,CDU/CSU,-4.80805,1.6719127
79378,Thorsten Frei,CDU/CSU,-9.077891,-0.82962316
182826,Christoph Frauenpreiß,CDU/CSU,-9.031551,-1.9496062
183125,Simone Fischer,BÜNDNIS 90/­DIE GRÜNEN,12.218936,-5.8466587
175925,Hauke Finger,AfD,5.4570622,11.759852
175491,Sebastian Fiedler,SPD,-7.5838842,-0.5284406
184038,Katrin Fey,Die Linke,14.596715,11.939292
177546,Thomas Fetsch,AfD,5.0476146,12.188505
183497,Jan Feser,AfD,4.5263176,-8.057966
145833,Peter Felser,AfD,5.1366496,11.826418
79391,Uwe Feiler,CDU/CSU,-6.065388,-0.13273294
183487,Micha Fehre,AfD,5.1933393,11.97938
79390,Johannes Fechner,SPD,-8.028602,-0.96978784
183267,Fabian Fahl,Die Linke,14.6860695,12.004898
135391,Nancy Faeser,SPD,-6.8430696,0.985861
147569,Michael Espendiller,AfD,5.0786467,12.146229
79387,Saskia Esken,SPD,-8.546518,-0.6374748
146813,Wiebke Esdar,SPD,-9.019917,-1.4585658
182825,Bastian Alfons Ernst,CDU/CSU,-8.285501,-0.6631965
145903,Thomas Erndl,CDU/CSU,-5.792127,-0.23691033
175872,Martina Englhardt-Kopf,CDU/CSU,-8.973326,-1.4144421
175826,Alexander Engelhard,CDU/CSU,-8.959808,-0.4637662
146042,Marcel Emmerich,BÜNDNIS 90/­DIE GRÜNEN,12.933802,-2.7028425
182015,Mandy Eißing,Die Linke,14.745948,11.974103
175496,Sonja Eichwede,SPD,-9.256124,-1.8689041
175864,Lars Ehm,CDU/CSU,-7.8856707,-1.1197851
175308,Mirze Edis,Die Linke,14.4048815,12.02958
175880,Ralph Edelhäußer,CDU/CSU,-8.417439,-1.0616796
175610,Leon Eckert,BÜNDNIS 90/­DIE GRÜNEN,13.025183,-2.867199
79405,Harald Ebner,BÜNDNIS 90/­DIE GRÜNEN,13.091305,-3.0238426
175859,Joachim Ebmeyer,CDU/CSU,-8.767313,-0.15870309
183515,Tobias Ebenberger,AfD,5.082312,12.347792
175555,Deborah Düring,BÜNDNIS 90/­DIE GRÜNEN,12.965197,-4.757775
182893,Hülya Düber,CDU/CSU,-8.115098,-0.44182608
175425,Felix Döring,SPD,-8.481494,-0.68887097
183012,Timon Dzienus,BÜNDNIS 90/­DIE GRÜNEN,12.886841,-2.5975645
79404,Hansjörg Durz,CDU/CSU,-9.073112,-1.8690445
181945,Christopher Drößler,AfD,4.917871,12.323581
79403,Katharina Dröge,BÜNDNIS 90/­DIE GRÜNEN,12.974571,-3.5812454
175424,Falko Droßmann,SPD,-7.8412604,-1.7951263
179922,Christian Douglas,AfD,4.840186,12.173078
182894,Florian Dorn,CDU/CSU,-8.144245,-0.69362986
79397,Michael Donth,CDU/CSU,-9.185984,-0.65048164
79412,Alexander Dobrindt,CDU/CSU,-8.6198845,-1.2089688
79411,Sabine Dittmar,SPD,-8.295378,-1.6116675
183145,Jeanne Dillschneider,BÜNDNIS 90/­DIE GRÜNEN,13.020957,-3.0355363
146823,Esther Dilcher,SPD,-8.295706,-1.9913645
31274,Thomas Dietz,AfD,5.5249023,6.6581674
175438,Jan Dieren,SPD,-1.7506871,3.99786
29534,Sandra Detzer,BÜNDNIS 90/­DIE GRÜNEN,13.025813,-3.3213983
110038,Ellen Demuth,CDU/CSU,-7.2811403,-0.63509005
175431,Hakan Demir,SPD,-6.1960664,1.7902483
119861,Janosch Dahmen,BÜNDNIS 90/­DIE GRÜNEN,13.090504,-3.2224853
182902,Wolfgang Dahler,CDU/CSU,-8.197351,-0.28458402
141110,Gottfried Curio,AfD,5.569569,11.687598
121492,Jürgen Coße,SPD,-5.009468,-0.071712136
183230,Agnes Maria Conrad,Die Linke,14.705048,12.010617
79418,Gitta Connemann,CDU/CSU,-7.0467825,-0.31369603
145755,Tino Chrupalla,AfD,5.761815,7.026861
146135,Jörg Cezanne,Die Linke,14.652129,12.090497
79416,Lars Castellucci,SPD,-8.032044,-1.503058
182819,Sandra Carstensen,CDU/CSU,-8.493184,-0.574485
175436,Isabel Cademartori,SPD,-8.801631,0.06507421
175334,Clara Bünger,Die Linke,14.487451,11.884094
150299,Marcus Bühl,AfD,4.549143,-8.080863
182866,Benedikt Büdenbender,CDU/CSU,-9.30641,-1.6486667
175138,Janina Böttger,Die Linke,14.638526,11.951047
120205,Karl Bär,BÜNDNIS 90/­DIE GRÜNEN,12.855856,-2.6659696
79468,Dorothee Bär,CDU/CSU,-8.862999,0.022857914
175892,Yannick Bury,CDU/CSU,-1.7630976,4.0827622
179348,Maik Brückner,Die Linke,14.725455,12.01238
175870,Marlon Bröhr,CDU/CSU,-8.87685,-1.3832513
78878,Agnieszka Brugger,BÜNDNIS 90/­DIE GRÜNEN,13.082264,-3.0880775
184131,Erhard Brucker,AfD,4.9199114,12.181218
175676,Victoria Broßart,BÜNDNIS 90/­DIE GRÜNEN,13.020188,-2.9002557
145870,Carsten Brodesser,CDU/CSU,-8.074067,-1.8996471
182830,Lutz Brinkmann,CDU/CSU,-8.97519,-0.24859333
79434,Ralph Brinkhaus,CDU/CSU,-8.978652,-1.4404441
183172,Anne-Mieke Bremer,Die Linke,13.630745,11.525989
145863,Silvia Breher,CDU/CSU,-8.481031,-1.9486504
79429,Franziska Brantner,BÜNDNIS 90/­DIE GRÜNEN,12.633505,-4.63849
32337,Stephan Brandner,AfD,5.46862,11.862538
79427,Reinhard Brandl,CDU/CSU,-6.0074034,0.23484892
175915,Dirk Brandes,AfD,5.814522,7.00918
78881,Michael Brand,CDU/CSU,-8.126556,-1.907712
170159,Torben Braga,AfD,5.7846584,7.030068
179823,Frederik Bouffier,CDU/CSU,-8.585071,-0.045358155
184315,Jorrit Bosch,Die Linke,14.572132,11.934701
182852,Caroline Bosbach,CDU/CSU,-7.0211983,-0.5126381
165049,Simone Borchardt,CDU/CSU,-6.419564,0.5537657
182942,Hendrik Bollmann,SPD,-8.910626,0.04263461
147321,Gereon Bollmann,AfD,5.7994986,7.0119247
130612,Peter Bohnhof,AfD,5.158052,10.522666
145817,Peter Boehringer,AfD,4.9555516,12.324319
182817,Leif Bodin,CDU/CSU,-9.171114,-1.8104706
159437,Violetta Bock,Die Linke,14.2384815,11.798204
168306,René Bochmann,AfD,5.4790435,6.7021294
174144,Michael Blos,AfD,5.064781,11.960208
175933,Joachim Bloch,AfD,5.4655957,11.716122
145789,Andreas Bleck,AfD,5.0349073,12.383792
175437,Jakob Blankenburg,SPD,-9.127335,-0.83867073
165159,Christoph Birghan,AfD,5.4395666,11.795985
175849,Florian Bilic,CDU/CSU,-8.874926,-0.016190603
79444,Steffen Bilger,CDU/CSU,-7.166309,0.24760453
145893,Marc Biadacz,CDU/CSU,-8.816396,-0.104153775
79446,Peter Beyer,CDU/CSU,-8.926167,-1.4691424
146046,Lorenz Gösta Beutin,Die Linke,13.622089,11.536093
182947,Daniel Bettermann,SPD,-7.667266,-0.44901824
31218,Birgit Bessin,AfD,5.537591,11.723433
145860,Melanie Bernstein,CDU/CSU,-9.104185,-1.8931838
108754,Marc Bernhard,AfD,4.491475,-8.0232525
130480,Lukas Benner,BÜNDNIS 90/­DIE GRÜNEN,12.643532,-4.6165624
178435,Jens Behrens,SPD,-8.899778,-1.7454075
178606,Sascha van Beek,CDU/CSU,-1.8727466,3.0843978
180058,Desiree Becker,Die Linke,14.679953,12.0038395
177567,Carsten Becker,AfD,4.2545056,9.7946
175596,Katharina Beck,BÜNDNIS 90/­DIE GRÜNEN,12.953169,-3.5621614
182891,Günter Baumgartner,CDU/CSU,-8.199752,-1.8773652
66273,Bernd Baumann,AfD,5.009355,11.6551485
29476,Christina Baum,AfD,4.489243,-8.020948
183247,Marcel Bauer,Die Linke,13.774014,11.678721
79455,Bärbel Bas,SPD,-7.508229,-0.7038304
79454,Dietmar Bartsch,Die Linke,14.327336,11.97843
78884,Sören Bartol,SPD,-7.072524,-0.47474623
79465,Thomas Bareiß,CDU/CSU,-9.389566,-1.6201738
145959,Felix Banaszak,BÜNDNIS 90/­DIE GRÜNEN,12.988,-2.9061832
183520,Adam Balten,AfD,4.9566054,11.917166
175416,Daniel Baldy,SPD,-9.207691,-1.8379068
120254,Lisa Badum,BÜNDNIS 90/­DIE GRÜNEN,13.078661,-2.9547
175907,Carolin Bachmann,AfD,4.4907346,-8.022577
165055,Cornell-Anette Babendererde,CDU/CSU,-9.442263,-1.344167
120442,Peter Aumer,CDU/CSU,-9.415903,-1.1642534
78810,Artur Auernhammer,CDU/CSU,-9.34166,-1.5054975
175526,Andreas Audretsch,BÜNDNIS 90/­DIE GRÜNEN,12.811295,-2.609409
182861,Tijen Ataoğlu,CDU/CSU,-9.432531,-1.2235935
183082,Ayse Asar,BÜNDNIS 90/­DIE GRÜNEN,12.858309,-2.639568
108373,Alexander Arpaschi,AfD,5.1057186,11.94571
183266,Michael „Moses“ Arndt,Die Linke,14.719601,12.087366
139271,Luise Amtsberg,BÜNDNIS 90/­DIE GRÜNEN,12.835775,-2.6333187
145862,Philipp Amthor,CDU/CSU,-9.034254,-1.0455364
145885,Norbert Maria Altenkamp,CDU/CSU,-8.539831,-0.86023945
183004,Alaa Alhamwi,BÜNDNIS 90/­DIE GRÜNEN,12.890959,-2.6851058
79476,Stephan Albani,CDU/CSU,-9.32181,-1.7987413
175486,Reem Alabali Radovan,SPD,-8.715811,-0.46531972
135459,Tarek Al-Wazir,BÜNDNIS 90/­DIE GRÜNEN,13.022882,-2.6434724
78952,Jan van Aken,Die Linke,12.636925,10.94799
108563,Gökay Akbulut,Die Linke,14.139838,11.886379
175389,Adis Ahmetović,SPD,-9.135434,-1.1017213
182845,Anna Aeikens,CDU/CSU,-9.448662,-1.5758381
146180,Doris Achelwilm,Die Linke,14.734004,12.107806
29084,Knut Abraham,CDU/CSU,-9.178839,-1.8947846
175489,Sanae Abdi,SPD,-8.606962,-0.78489435
